player,PTS,MP,FGM,FGA,FG3M,FG3A,FTM,FTA,OREB,DREB,AST,STL,TOV,BLK,PF,AVG,FPTS
Nikola Jokić,24.5,33.7,9.4,14.8,0.8,2.2,4.9,6.0,2.4,9.4,9.8,1.3,3.6,0.7,2.5,51.68717188020604,3618.1020316144227
Joel Embiid,33.1,34.6,11.0,20.1,1.0,3.0,10.0,11.7,1.7,8.4,4.2,1.0,3.4,1.7,3.1,50.604582309882716,3542.3207616917903
LeBron James,28.9,35.5,11.1,22.2,2.2,6.9,4.6,5.9,1.2,7.1,6.8,0.9,3.2,0.6,1.6,50.156111020207895,3510.927771414553
Luka Dončić,32.4,36.2,10.9,22.0,2.8,8.2,7.8,10.5,0.8,7.8,8.0,1.4,3.6,0.5,2.5,49.77260696276538,3484.0824873935767
Giannis Antetokounmpo,31.1,32.1,11.2,20.3,0.7,2.7,7.9,12.3,2.2,9.6,5.7,0.8,3.9,0.8,3.1,49.52748364988017,3466.923855491612
Kevin Durant,29.1,35.6,10.3,18.3,2.0,4.9,6.5,7.1,0.4,6.3,5.0,0.7,3.3,1.4,2.1,46.78419516813191,3274.8936617692334
Anthony Davis,25.9,34.0,9.7,17.2,0.3,1.3,6.2,7.9,3.5,9.1,2.6,1.1,2.2,2.0,2.6,46.44354693592843,3251.0482855149903
Jayson Tatum,30.1,36.9,9.8,21.1,3.2,9.3,7.2,8.4,1.1,7.7,4.6,1.1,2.9,0.7,2.2,45.82107919054622,3207.4755433382356
Shai Gilgeous-Alexander,31.4,35.5,10.4,20.3,0.9,2.5,9.8,10.9,0.9,4.0,5.5,1.6,2.8,1.0,2.8,45.63202843268038,3194.2419902876263
Damian Lillard,32.2,36.3,9.6,20.7,4.2,11.3,8.8,9.6,0.8,4.0,7.3,0.9,3.3,0.3,1.9,44.91765059364026,3144.235541554818
Ja Morant,26.2,31.9,9.3,19.9,1.5,4.9,6.1,8.1,1.0,4.9,8.1,1.1,3.4,0.3,1.6,44.357394081942566,3105.0175857359795
Stephen Curry,29.4,34.7,10.0,20.2,4.9,11.4,4.6,5.0,0.7,5.4,6.3,0.9,3.2,0.4,2.1,43.72206660023342,3060.5446620163393
Donovan Mitchell,28.3,35.8,10.0,20.6,3.6,9.3,4.7,5.4,0.9,3.3,4.4,1.5,2.6,0.4,2.5,42.92609179098061,3004.8264253686425
Kyrie Irving,27.1,37.4,9.9,20.1,3.1,8.3,4.1,4.6,1.0,4.1,5.5,1.1,2.1,0.8,2.8,42.63562272479907,2984.493590735935
LaMelo Ball,23.3,35.2,8.2,20.0,4.0,10.6,2.8,3.4,1.2,5.3,8.4,1.3,3.6,0.3,3.3,42.62142152484461,2983.4995067391224
James Harden,21.0,36.8,6.4,14.5,2.8,7.2,5.4,6.2,0.7,5.4,10.7,1.2,3.4,0.5,1.9,41.98517860739524,2938.962502517667
Jaylen Brown,26.6,35.9,10.1,20.6,2.4,7.3,3.9,5.1,1.2,5.7,3.5,1.1,2.9,0.4,2.6,41.595002625086146,2911.6501837560304
Trae Young,26.2,34.8,8.2,19.0,2.1,6.3,7.8,8.8,0.8,2.2,10.2,1.1,4.1,0.1,1.4,41.35540742651541,2894.878519856079
Anthony Edwards,24.6,36.0,8.9,19.5,2.7,7.3,4.0,5.3,0.6,5.2,4.4,1.6,3.3,0.7,2.4,40.665497493751914,2846.584824562634
Devin Booker,27.8,34.6,9.9,20.1,2.1,6.0,5.8,6.8,0.9,3.7,5.5,1.0,2.7,0.3,3.0,40.244858928514795,2817.1401249960354
Zach LaVine,24.8,35.9,8.7,18.0,2.6,7.1,4.7,5.6,0.5,3.9,4.2,0.9,2.5,0.2,2.1,40.14805782452347,2810.3640477166427
Paul George,23.8,34.6,8.2,17.9,2.8,7.6,4.6,5.3,0.8,5.3,5.1,1.5,3.1,0.4,2.8,39.84977973226864,2789.4845812588046
Jimmy Butler,22.9,33.4,7.5,13.9,0.6,1.6,7.4,8.7,2.2,3.7,5.3,1.8,1.6,0.3,1.3,39.47648068099741,2763.3536476698187
Pascal Siakam,24.2,37.4,8.9,18.5,1.3,4.0,5.2,6.7,1.8,6.0,5.8,0.9,2.4,0.5,3.2,39.13017971381977,2739.112579967384
Julius Randle,25.1,35.5,8.5,18.6,2.8,8.3,5.2,6.9,1.8,8.1,4.1,0.6,2.8,0.3,3.0,38.8235956370208,2717.651694591456
De'Aaron Fox,25.0,33.4,9.3,18.2,1.6,5.0,4.7,6.0,0.5,3.6,6.1,1.1,2.5,0.3,2.4,38.65987905861546,2706.191534103082
Brandon Ingram,24.7,34.2,9.0,18.6,1.4,3.6,5.3,6.0,0.5,5.0,5.8,0.7,3.3,0.4,2.6,38.650884056716976,2705.5618839701883
Lauri Markkanen,25.6,34.4,8.7,17.3,3.0,7.7,5.3,6.0,2.0,6.7,1.9,0.6,1.9,0.6,2.1,38.511586190230005,2695.8110333161003
DeMar DeRozan,24.5,36.2,8.9,17.6,0.6,1.9,6.2,7.1,0.5,4.2,5.1,1.1,2.1,0.5,2.5,38.37290126370235,2686.1030884591646
Fred VanVleet,19.3,36.7,6.3,16.1,3.0,8.8,3.7,4.1,0.4,3.6,7.2,1.8,2.0,0.6,2.8,38.03639654016907,2662.5477578118353
Kristaps Porziņģis,23.2,32.6,7.8,15.7,2.1,5.5,5.4,6.4,1.8,6.6,2.7,0.9,2.1,1.5,3.0,37.817140158813714,2647.19981111696
Domantas Sabonis,19.1,34.6,7.3,11.9,0.4,1.1,4.1,5.5,3.2,9.1,7.3,0.8,2.9,0.5,3.5,37.26189473752146,2608.332631626502
CJ McCollum,20.9,35.3,7.8,17.9,2.8,7.2,2.4,3.2,0.7,3.6,5.7,0.9,2.4,0.5,2.0,37.16131380284908,2601.2919661994356
Tyrese Haliburton,20.7,33.6,7.4,15.0,2.9,7.2,3.1,3.6,0.6,3.1,10.4,1.6,2.5,0.4,1.2,36.713707078751945,2569.9594955126363
Kyle Kuzma,21.2,35.0,8.0,17.8,2.5,7.5,2.7,3.7,0.9,6.4,3.7,0.6,3.0,0.5,2.3,36.70182990209352,2569.1280931465467
Karl-Anthony Towns,20.8,33.0,7.3,14.8,2.1,5.7,4.1,4.7,1.7,6.5,4.8,0.7,3.0,0.6,3.8,35.90430106934798,2513.3010748543584
Kawhi Leonard,23.8,33.6,8.6,16.8,2.0,4.8,4.7,5.4,1.1,5.4,3.9,1.4,1.7,0.5,1.6,35.76599810420249,2503.619867294174
Bradley Beal,23.2,33.5,8.9,17.6,1.6,4.4,3.8,4.6,0.8,3.1,5.4,0.9,2.9,0.7,2.1,35.64352493440292,2495.0467454082045
Jalen Brunson,24.0,35.0,8.6,17.6,2.0,4.7,4.8,5.8,0.6,3.0,6.2,0.9,2.1,0.2,2.2,35.52593457742956,2486.815420420069
Zion Williamson,26.0,33.0,9.8,16.2,0.2,0.7,6.1,8.6,2.0,5.0,4.6,1.1,3.4,0.6,2.2,35.39427604030445,2477.5993228213115
Jalen Green,22.1,34.2,7.4,17.9,2.5,7.3,4.8,6.1,0.6,3.2,3.7,0.8,2.6,0.2,1.7,35.38463200851701,2476.9242405961904
Desmond Bane,21.5,31.7,7.8,16.2,2.9,7.0,3.1,3.5,0.7,4.3,4.4,1.0,2.2,0.4,2.6,35.34706203970264,2474.294342779185
Terry Rozier,21.1,35.3,7.8,18.9,2.6,8.0,2.8,3.5,0.8,3.3,5.1,1.2,2.1,0.3,1.9,34.74136661655589,2431.895663158912
Cade Cunningham,19.9,33.3,7.8,18.7,1.4,5.1,3.0,3.6,1.0,5.2,6.0,0.8,3.3,0.6,2.8,34.02261290441372,2381.5829033089603
Myles Turner,18.0,29.4,6.5,11.8,1.5,4.0,3.5,4.5,1.4,6.1,1.4,0.6,1.7,2.3,3.5,33.84977072679329,2369.4839508755304
Jrue Holiday,19.3,32.6,7.3,15.3,2.4,6.1,2.3,2.6,1.2,3.9,7.4,1.2,2.9,0.4,1.7,33.84781295759976,2369.346907031983
Jaren Jackson Jr.,18.6,28.4,6.6,13.0,1.6,4.5,3.8,4.9,1.7,5.0,1.0,1.0,1.7,3.0,3.6,33.69444984695843,2358.61148928709
Evan Mobley,16.2,34.4,6.6,12.0,0.3,1.3,2.6,3.8,2.4,6.6,2.8,0.8,1.8,1.5,2.8,33.62678168038865,2353.874717627206
Nikola Vučević,17.6,33.5,7.3,14.0,1.5,4.2,1.6,1.9,1.9,9.1,3.2,0.7,1.7,0.7,2.2,33.39979071299325,2337.9853499095275
Dejounte Murray,20.5,36.4,8.3,17.8,1.8,5.2,2.1,2.6,0.7,4.5,6.1,1.5,2.2,0.3,1.4,33.11065171502332,2317.7456200516326
Anfernee Simons,21.1,35.0,7.5,16.9,3.4,9.1,2.6,2.9,0.3,2.3,4.1,0.7,2.1,0.2,2.3,32.928454026361315,2304.9917818452923
Darius Garland,21.6,35.5,7.6,16.4,2.4,6.0,4.0,4.7,0.4,2.3,7.8,1.2,2.9,0.1,2.1,32.60835874746756,2282.5851123227294
Deandre Ayton,18.0,30.4,7.8,13.2,0.1,0.4,2.3,3.0,2.6,7.4,1.7,0.6,1.8,0.8,2.8,32.59552126033829,2281.68648822368
Tyler Herro,20.1,34.9,7.3,16.6,3.0,8.0,2.5,2.7,0.4,5.0,4.2,0.8,2.4,0.2,1.5,32.38098635821951,2266.669045075366
Bam Adebayo,20.4,34.6,8.0,14.9,0.0,0.2,4.3,5.4,2.5,6.7,3.2,1.2,2.5,0.8,2.8,32.08635710199975,2246.0449971399826
Klay Thompson,21.9,33.0,7.9,18.1,4.4,10.6,1.7,1.9,0.6,3.6,2.4,0.7,1.8,0.4,1.9,32.059022070845145,2244.1315449591602
Chris Paul,13.9,32.0,5.0,11.3,1.7,4.4,2.3,2.7,0.5,3.8,8.9,1.5,1.9,0.4,2.1,31.885004041111564,2231.9502828778095
Nic Claxton,12.6,29.9,5.4,7.7,0.0,0.0,1.8,3.2,2.4,6.8,1.9,0.9,1.3,2.5,2.8,31.776476022372723,2224.3533215660905
Russell Westbrook,15.9,29.1,5.9,13.6,1.2,3.9,2.8,4.3,1.2,4.6,7.5,1.0,3.5,0.5,2.2,31.738436001450165,2221.6905201015115
Kevin Porter Jr.,19.2,34.3,6.6,15.0,2.4,6.5,3.5,4.5,1.3,4.0,5.7,1.4,3.2,0.3,2.6,31.716487117274735,2220.1540982092315
Josh Giddey,16.6,31.1,7.1,14.7,1.0,3.1,1.4,1.9,1.9,5.9,6.2,0.8,2.8,0.4,1.9,31.41455987966804,2199.0191915767628
Jamal Murray,20.0,32.8,7.3,16.0,2.6,6.6,2.8,3.3,0.7,3.2,6.2,1.0,2.2,0.2,1.6,31.229691743027576,2186.0784220119303
Keldon Johnson,22.0,32.7,8.0,17.7,2.1,6.5,3.9,5.2,0.9,4.2,2.9,0.7,2.1,0.2,2.0,31.113615793021104,2177.953105511477
Jordan Clarkson,20.8,32.6,7.5,16.9,2.5,7.5,3.3,4.0,1.2,2.9,4.4,0.5,3.0,0.2,2.0,31.049109428135267,2173.4376599694688
Jordan Poole,20.4,30.0,6.7,15.6,2.6,7.8,4.4,5.1,0.4,2.4,4.5,0.8,3.1,0.3,2.6,30.542650807574173,2137.9855565301923
Jarrett Allen,14.3,32.6,5.9,9.2,0.0,0.1,2.4,3.3,3.3,6.5,1.7,0.8,1.4,1.2,2.3,30.403219546059848,2128.2253682241894
Andrew Wiggins,17.1,32.2,6.8,14.3,2.4,6.1,1.2,1.9,1.6,3.4,2.3,1.2,1.3,0.8,2.9,30.380127525572952,2126.6089267901066
Paolo Banchero,20.0,33.8,6.7,15.6,1.2,4.0,5.5,7.4,1.2,5.7,3.7,0.8,2.8,0.5,2.2,30.299580635053978,2120.9706444537783
Alperen Şengün,14.8,28.9,5.9,10.7,0.3,0.8,2.7,3.8,3.2,5.8,3.9,0.9,2.6,0.9,3.4,30.215438460965757,2115.080692267603
Devin Vassell,18.5,31.0,6.9,15.7,2.7,7.0,2.1,2.6,0.2,3.7,3.6,1.1,1.5,0.4,1.5,30.025969176333096,2101.817842343317
OG Anunoby,16.8,35.6,6.3,13.2,2.1,5.5,2.1,2.5,1.4,3.5,2.0,1.9,2.0,0.7,3.0,29.54613987114015,2068.2297909798103
D'Angelo Russell,17.8,32.5,6.3,13.4,2.7,6.9,2.5,3.0,0.5,2.5,6.2,1.0,2.6,0.4,2.0,29.387788171356533,2057.1451719949573
Kelly Oubre Jr.,20.3,32.3,7.4,17.1,2.3,7.1,3.3,4.3,1.4,3.8,1.1,1.4,1.3,0.4,2.9,29.373623965033786,2056.153677552365
Rudy Gobert,13.4,30.7,5.1,7.8,0.0,0.0,3.1,4.9,3.3,8.3,1.2,0.8,1.7,1.4,3.0,29.120183182344682,2038.4128227641277
Mikal Bridges,20.1,35.7,7.1,15.3,2.0,5.3,3.8,4.3,1.0,3.4,3.3,1.1,1.5,0.7,1.9,29.011249359290957,2030.787455150367
Jonas Valančiūnas,14.1,24.9,5.6,10.3,0.5,1.4,2.3,2.8,2.8,7.3,1.8,0.3,2.0,0.7,3.1,28.89742980007231,2022.8200860050617
Tyrese Maxey,20.3,33.6,7.3,15.2,2.7,6.2,3.0,3.6,0.4,2.6,3.5,0.8,1.3,0.1,2.2,28.894496839033025,2022.6147787323116
Franz Wagner,18.6,32.6,6.8,14.0,1.6,4.5,3.4,4.0,0.9,3.2,3.5,1.0,2.1,0.2,2.3,28.819083003976687,2017.3358102783682
Jaden Ivey,16.3,31.1,5.5,13.3,1.6,4.7,3.6,4.8,1.0,2.9,5.2,0.8,3.2,0.2,3.3,28.64860302716825,2005.4022119017775
Christian Wood,16.6,25.9,5.9,11.5,1.6,4.2,3.2,4.2,1.3,6.0,1.8,0.4,1.8,1.1,2.5,28.646572254886358,2005.2600578420452
Draymond Green,8.5,31.5,3.4,6.5,0.5,1.8,1.1,1.5,0.9,6.3,6.8,1.0,2.8,0.8,3.1,28.274911130794205,1979.2437791555944
Kelly Olynyk,12.5,28.6,4.1,8.2,1.4,3.5,2.9,3.4,1.2,5.0,3.7,0.9,2.5,0.5,3.4,27.826661451171216,1947.866301581985
Spencer Dinwiddie,17.3,34.5,5.8,13.3,2.3,6.2,3.4,4.2,0.4,3.1,6.5,0.8,1.8,0.3,2.4,27.75852177582895,1943.0965243080266
Jerami Grant,20.5,35.7,6.9,14.5,2.3,5.7,4.4,5.4,0.8,3.7,2.4,0.8,1.8,0.8,2.4,27.719138791549536,1940.3397154084676
Buddy Hield,16.8,31.0,5.9,13.0,3.6,8.5,1.3,1.6,0.8,4.2,2.8,1.2,1.7,0.3,2.0,27.529568641098184,1927.069804876873
Michael Porter Jr.,17.4,29.0,6.4,13.2,3.0,7.3,1.5,1.9,1.0,4.5,1.0,0.6,1.1,0.5,1.9,27.387478144909245,1917.1234701436472
P.J. Washington,15.7,32.6,5.9,13.4,2.0,5.9,1.7,2.4,1.0,3.9,2.4,0.9,1.5,1.1,2.6,27.166491317774913,1901.6543922442438
Brook Lopez,15.9,30.4,6.1,11.5,1.7,4.7,1.9,2.4,2.0,4.7,1.3,0.5,1.4,2.5,2.6,27.030302938992033,1892.1212057294424
Ivica Zubac,10.8,28.6,4.3,6.8,0.0,0.0,2.2,3.1,3.1,6.8,1.0,0.4,1.5,1.3,2.9,26.99842604361673,1889.889823053171
Scottie Barnes,15.3,34.8,6.0,13.2,0.8,2.9,2.5,3.2,2.3,4.3,4.8,1.1,2.0,0.8,2.2,26.68789844860777,1868.152891402544
Markelle Fultz,14.0,29.6,5.8,11.3,0.5,1.5,1.9,2.4,1.2,2.8,5.7,1.5,2.3,0.4,2.2,26.453375388985236,1851.7362772289666
Harrison Barnes,15.0,32.5,4.6,9.6,1.6,4.3,4.3,5.0,1.1,3.4,1.6,0.7,1.0,0.1,1.3,26.10931410697069,1827.6519874879482
Cameron Johnson,15.5,28.5,5.3,11.3,2.5,6.1,2.4,2.9,0.8,3.6,1.9,1.2,0.9,0.3,2.0,26.093638683210056,1826.5547078247039
Khris Middleton,15.1,24.3,5.4,12.3,1.5,4.9,2.8,3.1,0.8,3.4,4.9,0.7,2.2,0.2,2.1,25.91298170416023,1813.9087192912161
Gary Trent Jr.,17.4,32.1,6.1,14.2,2.5,6.8,2.6,3.1,0.5,2.2,1.6,1.6,0.8,0.2,1.5,25.73134101846302,1801.1938712924114
RJ Barrett,19.6,33.9,7.0,16.1,1.7,5.3,4.0,5.4,0.8,4.2,2.8,0.4,2.2,0.2,2.5,25.701191441424935,1799.0834008997456
Jakob Poeltl,12.5,26.5,5.4,8.6,0.0,0.0,1.7,2.8,3.3,5.8,2.7,0.9,1.7,1.2,2.7,25.566794604805736,1789.6756223364016
Aaron Gordon,16.3,30.2,6.3,11.2,0.9,2.5,2.8,4.6,2.4,4.1,3.0,0.8,1.4,0.8,1.9,25.43832366403955,1780.6826564827686
Jusuf Nurkić,13.3,26.8,5.0,9.7,0.8,2.3,2.4,3.7,2.2,6.9,2.9,0.8,2.3,0.8,3.6,25.405551529549964,1778.3886070684975
Clint Capela,12.0,26.6,5.4,8.2,0.0,0.0,1.2,2.0,4.0,7.1,0.9,0.7,0.8,1.2,2.1,25.30255324794016,1771.1787273558111
Gordon Hayward,14.7,31.5,5.5,11.6,1.0,3.2,2.6,3.2,0.7,3.6,4.1,0.8,2.0,0.2,1.4,25.285182424644425,1769.9627697251099
Bojan Bogdanović,21.6,32.1,7.3,14.9,2.5,6.0,4.5,5.1,0.6,3.2,2.6,0.6,2.3,0.1,1.9,25.278728874827337,1769.5110212379136
Malcolm Brogdon,14.9,26.0,5.3,10.9,2.0,4.4,2.4,2.7,0.6,3.6,3.7,0.7,1.5,0.3,1.6,25.25397455221412,1767.7782186549884
Kyle Lowry,11.2,31.2,3.6,8.8,1.9,5.6,2.1,2.5,0.8,3.3,5.1,1.0,1.9,0.4,2.6,25.23504587451754,1766.4532112162278
Norman Powell,17.0,26.1,5.7,11.8,1.9,4.8,3.8,4.6,0.4,2.5,1.8,0.8,1.7,0.3,2.1,25.156781935691136,1760.9747354983795
Bennedict Mathurin,16.7,28.5,5.3,12.2,1.3,4.0,4.8,5.8,1.1,3.0,1.5,0.6,1.9,0.2,2.1,25.04632699825945,1753.2428898781613
Marcus Smart,11.5,32.1,4.1,9.9,1.9,5.6,1.4,1.9,0.8,2.4,6.3,1.5,2.3,0.4,2.8,24.82606354811763,1737.8244483682342
Mason Plumlee,10.8,26.0,4.2,6.1,0.0,0.0,2.5,4.0,2.9,6.0,3.1,0.6,1.5,0.6,2.7,24.761607217045555,1733.3125051931888
Tre Jones,12.9,29.2,5.0,10.9,0.7,2.3,2.2,2.5,0.8,2.8,6.6,1.3,1.6,0.1,1.4,24.644355867405277,1725.1049107183694
Kris Dunn,13.2,25.8,5.3,9.8,0.8,1.6,1.9,2.4,0.4,4.1,5.6,1.1,1.6,0.5,2.6,24.592965803892085,1721.5076062724459
Immanuel Quickley,14.9,28.9,5.2,11.6,2.1,5.6,2.5,3.1,0.7,3.4,3.4,1.0,1.2,0.2,2.0,24.547593336415343,1718.331533549074
Jalen Williams,14.1,30.3,5.5,10.6,1.0,2.7,2.1,2.5,1.1,3.4,3.3,1.4,1.6,0.5,2.5,24.514524671353605,1716.0167269947524
Trey Murphy III,14.5,31.0,4.9,10.1,2.6,6.3,2.2,2.4,0.7,2.8,1.4,1.1,0.8,0.5,2.0,24.440478701545743,1710.833509108202
Cole Anthony,13.0,25.9,4.6,10.2,1.3,3.4,2.5,2.8,0.8,4.0,3.9,0.6,1.5,0.5,2.6,24.055113382515792,1683.8579367761054
Luguentz Dort,13.7,30.7,4.6,11.8,1.8,5.5,2.7,3.5,1.7,2.9,2.1,1.0,1.2,0.3,3.3,24.02326240284457,1681.62836819912
Tobias Harris,14.7,32.9,5.7,11.4,1.7,4.4,1.5,1.7,0.9,4.8,2.5,0.9,1.2,0.5,2.0,24.007068018819442,1680.494761317361
Steven Adams,8.6,27.0,3.7,6.3,0.0,0.0,1.1,3.1,5.1,6.5,2.3,0.9,1.9,1.1,2.3,23.955083482771073,1676.855843793975
Marvin Bagley III,12.0,23.6,4.8,9.1,0.5,1.6,1.9,2.6,2.2,4.2,0.9,0.5,1.1,0.7,1.9,23.943515342170468,1676.0460739519328
Saddiq Bey,13.8,27.6,4.6,10.9,2.0,5.4,2.7,3.1,1.3,3.4,1.5,0.9,0.9,0.2,1.6,23.843303301557953,1669.0312311090568
Tim Hardaway Jr.,14.4,30.3,4.8,11.9,3.0,7.7,1.8,2.3,0.3,3.2,1.8,0.7,0.8,0.2,1.7,23.58723046543159,1651.1061325802111
John Collins,13.1,30.0,5.1,10.0,1.0,3.4,2.0,2.5,1.1,5.4,1.2,0.6,1.1,1.0,3.1,23.525136833196456,1646.7595783237518
Talen Horton-Tucker,10.7,20.2,4.0,9.4,0.9,3.1,1.9,2.6,0.6,2.6,3.8,0.6,1.9,0.4,1.7,23.45869153330167,1642.108407331117
Walker Kessler,9.2,23.0,4.0,5.6,0.0,0.0,1.1,2.1,3.1,5.3,0.9,0.4,0.8,2.3,2.3,23.415963633490414,1639.117454344329
Malik Monk,13.5,22.3,4.6,10.3,1.9,5.2,2.4,2.7,0.4,2.2,3.9,0.6,1.9,0.3,1.6,23.155475091486206,1620.8832564040345
Jabari Smith Jr.,12.8,31.0,4.6,11.3,1.5,4.9,2.1,2.6,1.5,5.7,1.3,0.5,1.3,0.9,2.9,22.900768957737363,1603.0538270416155
Kevin Huerter,15.2,29.4,5.6,11.5,2.7,6.8,1.3,1.7,0.6,2.8,2.9,1.1,1.3,0.3,2.4,22.777195331816802,1594.4036732271761
Wendell Carter Jr.,15.2,29.6,5.6,10.8,1.4,3.9,2.5,3.4,2.1,6.6,2.3,0.5,1.9,0.6,2.8,22.566057685049163,1579.6240379534413
Mike Conley,11.9,30.3,3.9,9.1,2.0,5.2,2.1,2.5,0.5,2.2,6.7,1.1,1.5,0.2,2.1,22.515822253705636,1576.1075577593945
Dillon Brooks,14.3,30.3,5.4,13.6,2.0,6.0,1.6,2.1,0.6,2.7,2.6,0.9,1.4,0.2,3.3,22.416505703931946,1569.1553992752363
Bruce Brown,11.5,28.5,4.5,9.3,1.1,3.2,1.5,1.9,0.8,3.3,3.4,1.1,1.5,0.6,2.4,22.366541680456915,1565.657917631984
Caris LeVert,12.1,30.2,4.3,10.0,1.7,4.4,1.8,2.4,0.7,3.1,3.9,1.0,1.6,0.3,2.3,21.987504357356794,1539.1253050149755
Bobby Portis,14.1,26.0,5.7,11.5,1.4,3.7,1.4,1.8,2.2,7.4,1.5,0.4,1.2,0.2,1.6,21.961566129520694,1537.3096290664487
Josh Hart,9.8,32.3,3.6,6.8,0.8,2.2,1.7,2.3,1.9,5.9,3.8,1.2,1.5,0.3,2.6,21.94086333351957,1535.86043334637
Jeremy Sochan,11.0,26.0,4.5,9.9,0.6,2.4,1.4,2.1,1.7,3.6,2.5,0.8,1.7,0.4,2.5,21.8885978384342,1532.2018486903942
Jarred Vanderbilt,7.9,24.1,3.2,5.8,0.4,1.2,1.2,1.8,2.2,5.3,2.4,1.1,1.2,0.3,2.4,21.862695098849827,1530.3886569194879
John Wall,11.4,22.2,4.1,9.9,1.0,3.2,2.3,3.3,0.4,2.3,5.2,0.8,2.4,0.4,1.7,21.649710227725926,1515.479715940815
Bogdan Bogdanović,14.0,27.9,5.1,11.3,2.7,6.7,1.2,1.4,0.4,2.6,2.8,0.8,1.2,0.3,1.6,21.28336548056503,1489.8355836395522
Mitchell Robinson,7.4,27.0,3.2,4.7,0.0,0.0,1.0,2.1,4.5,4.9,0.9,0.9,0.7,1.8,2.7,21.27919291667113,1489.543504166979
Killian Hayes,10.3,28.3,4.0,10.7,1.1,3.8,1.2,1.5,0.4,2.5,6.2,1.4,2.3,0.4,2.9,21.239358019349652,1486.7550613544756
Herbert Jones,9.8,29.6,3.6,7.6,0.8,2.5,1.9,2.4,1.5,2.6,2.5,1.6,1.3,0.6,3.2,21.012639701856518,1470.8847791299563
Dennis Schröder,12.6,30.1,4.1,9.8,1.1,3.4,3.3,3.8,0.3,2.2,4.5,0.8,1.7,0.2,2.2,20.979846481335,1468.58925369345
Isaiah Stewart,11.3,28.3,3.9,8.8,1.3,4.1,2.2,3.0,2.3,5.8,1.4,0.4,1.4,0.7,2.7,20.93282409019217,1465.297686313452
Ben Simmons,6.9,26.3,3.2,5.6,0.0,0.0,0.6,1.4,1.0,5.3,6.1,1.3,2.3,0.6,3.3,20.92150395596387,1464.505276917471
Zach Collins,11.6,22.9,4.5,8.7,0.9,2.3,1.7,2.3,1.8,4.5,2.9,0.6,2.0,0.8,3.2,20.91537089302839,1464.0759625119872
Robert Williams,8.0,23.5,3.6,4.9,0.0,0.0,0.7,1.2,3.0,5.4,1.4,0.6,1.0,1.4,1.9,20.90698291594879,1463.4888041164154
De'Anthony Melton,10.1,27.9,3.6,8.5,2.0,5.2,0.9,1.1,0.9,3.2,2.6,1.6,1.3,0.5,2.5,20.83341815438283,1458.3392708067981
De'Andre Hunter,15.4,31.7,5.7,12.3,1.5,4.3,2.6,3.1,0.7,3.6,1.4,0.5,1.2,0.3,3.0,20.788536026392116,1455.1975218474481
Eric Gordon,12.4,28.5,4.2,9.5,1.9,5.2,2.1,2.5,0.2,1.7,2.7,0.6,1.5,0.4,1.1,20.58930026927664,1441.251018849365
Kenyon Martin Jr.,12.7,28.0,5.0,8.8,0.8,2.6,1.8,2.7,1.5,4.0,1.5,0.5,1.1,0.4,1.8,20.544198651086063,1438.0939055760243
Donte DiVincenzo,9.4,26.3,3.3,7.5,2.1,5.3,0.8,1.0,1.1,3.4,3.5,1.3,1.6,0.1,1.8,20.53703683454021,1437.5925784178146
Royce O'Neale,8.8,31.7,3.0,7.8,2.1,5.5,0.7,0.9,0.7,4.3,3.7,0.9,1.5,0.6,3.1,20.505946107345,1435.41622751415
T.J. McConnell,8.7,20.3,3.8,6.9,0.3,0.8,0.8,0.9,0.6,2.5,5.3,1.1,1.9,0.1,1.4,20.484292490572656,1433.900474340086
Derrick White,12.4,28.3,4.3,9.2,1.8,4.8,2.0,2.3,0.6,2.9,3.9,0.7,1.2,0.9,2.2,20.468792256140834,1432.8154579298584
Tari Eason,9.3,21.5,3.6,8.0,0.7,2.1,1.3,1.8,2.4,3.7,1.1,1.2,1.2,0.6,2.3,20.415177369956876,1429.0624158969813
Coby White,9.7,23.4,3.6,8.0,1.7,4.6,0.8,0.9,0.2,2.6,2.8,0.7,1.0,0.1,1.6,20.40730365108204,1428.5112555757428
Bones Hyland,11.8,19.4,4.1,10.2,2.1,5.6,1.5,1.8,0.4,2.1,3.1,0.7,1.5,0.3,1.7,20.398845234209343,1427.919166394654
Daniel Gafford,9.0,20.6,3.7,5.1,0.0,0.0,1.6,2.4,2.1,3.5,1.1,0.4,1.1,1.3,2.4,20.247793748291734,1417.3455623804214
Jaden McDaniels,12.1,30.6,4.7,9.1,1.4,3.4,1.3,1.8,1.2,2.7,1.9,0.9,1.4,1.0,3.4,20.19666804679303,1413.766763275512
Bol Bol,9.1,21.5,3.7,6.8,0.4,1.6,1.2,1.5,1.0,4.8,1.0,0.4,1.6,1.2,1.3,20.125900057267074,1408.8130040086953
Kentavious Caldwell-Pope,10.8,31.3,3.8,8.3,1.8,4.2,1.4,1.6,0.5,2.3,2.4,1.5,1.1,0.5,1.9,20.11565657505638,1408.0959602539467
Jalen Duren,9.1,24.9,3.9,5.9,0.0,0.0,1.4,2.3,3.4,5.5,1.1,0.7,1.4,0.9,2.7,20.095640096642054,1406.6948067649437
Keegan Murray,12.2,29.8,4.4,9.8,2.6,6.3,0.8,1.0,1.1,3.5,1.2,0.8,0.8,0.5,2.0,20.090570104986245,1406.339907349037
Onyeka Okongwu,9.9,23.1,4.0,6.2,0.1,0.2,1.9,2.5,2.7,4.5,1.0,0.7,1.0,1.3,3.1,19.85382388808297,1389.7676721658079
Cam Reddish,9.7,24.8,3.5,7.8,1.1,3.6,1.6,1.9,0.5,1.8,1.4,1.0,1.2,0.4,1.8,19.847833063186314,1389.348314423042
Kyle Anderson,9.4,28.4,3.7,7.2,0.6,1.5,1.4,2.0,1.0,4.4,4.9,1.1,1.5,0.9,2.1,19.845077417179105,1389.1554192025374
Reggie Jackson,10.2,24.4,3.9,9.4,1.4,4.2,1.0,1.1,0.4,1.8,3.4,0.7,1.7,0.1,1.7,19.777379337521506,1384.4165536265054
Alec Burks,12.8,22.0,3.9,9.0,1.9,4.7,3.0,3.7,0.4,2.7,2.2,0.7,1.1,0.2,1.9,19.719462382763023,1380.3623667934116
Mark Williams,9.0,19.3,3.7,5.8,0.0,0.0,1.6,2.3,2.2,4.9,0.4,0.7,0.9,1.0,2.2,19.708146607097827,1379.5702624968478
Jalen Suggs,9.9,23.5,3.5,8.4,1.2,3.8,1.6,2.2,1.0,2.0,2.9,1.3,1.8,0.5,2.3,19.658109076942946,1376.0676353860063
Jaylen Nowell,10.8,19.3,4.3,9.6,1.0,3.6,1.2,1.5,0.6,2.1,2.0,0.6,1.0,0.1,1.6,19.64085998989421,1374.8601992925946
Brandon Clarke,10.0,19.5,4.1,6.2,0.0,0.1,1.8,2.4,1.6,3.9,1.3,0.6,1.0,0.7,2.3,19.634787035488944,1374.435092484226
Chris Boucher,9.4,20.0,3.4,7.0,0.8,2.5,1.7,2.2,2.1,3.5,0.4,0.6,0.5,0.8,1.9,19.577531863750494,1370.4272304625347
Naji Marshall,9.1,23.3,3.2,7.4,0.9,2.8,1.8,2.3,0.6,3.0,2.5,0.7,1.3,0.2,1.5,19.572327178576465,1370.0629025003525
Al Horford,9.8,30.5,3.6,7.6,2.3,5.2,0.2,0.3,1.2,5.0,3.0,0.5,0.6,1.0,1.9,19.478318792853884,1363.4823154997719
Larry Nance Jr.,6.8,21.2,2.9,4.7,0.2,0.6,0.8,1.2,1.6,3.8,1.8,0.9,0.6,0.6,2.0,19.467393892944365,1362.7175725061056
Victor Oladipo,10.7,26.3,3.8,9.6,1.7,5.0,1.4,1.9,0.4,2.7,3.5,1.4,2.1,0.3,2.4,19.44996884418822,1361.4978190931754
Delon Wright,7.4,24.4,2.8,5.8,0.8,2.4,1.0,1.2,1.2,2.4,3.9,1.8,0.9,0.3,1.2,19.43228036888867,1360.2596258222068
Tyus Jones,10.3,24.3,3.9,8.9,1.5,4.1,1.0,1.3,0.4,2.2,5.2,1.0,0.9,0.1,0.4,19.375058296671806,1356.2540807670264
Andrew Nembhard,9.5,27.6,3.8,8.6,1.2,3.5,0.7,0.8,0.5,2.2,4.5,0.9,1.7,0.2,2.4,19.29906136889079,1350.9342958223554
Dennis Smith Jr.,8.8,25.7,3.4,8.4,0.4,2.1,1.4,2.0,0.5,2.6,4.8,1.4,1.5,0.5,2.3,19.265295942157046,1348.5707159509932
Naz Reid,11.5,18.4,4.6,8.5,1.1,3.2,1.3,1.9,1.1,3.8,1.1,0.6,1.4,0.8,2.6,18.73624640392031,1311.5372482744215
Deni Avdija,9.2,26.6,3.3,7.6,0.9,3.1,1.6,2.2,1.0,5.4,2.8,0.9,1.6,0.4,2.8,18.658195948596234,1306.0737164017364
Quentin Grimes,11.3,29.9,4.0,8.5,2.2,5.7,1.1,1.4,0.7,2.5,2.1,0.7,1.0,0.4,2.5,18.585181963577714,1300.96273745044
Caleb Martin,9.6,29.3,3.6,7.7,1.2,3.3,1.3,1.6,1.2,3.6,1.6,1.0,1.1,0.4,2.0,18.550255519915076,1298.5178863940553
Thomas Bryant,9.8,18.3,3.9,6.3,0.4,1.0,1.6,2.1,1.5,4.3,0.5,0.3,0.6,0.5,1.7,18.403041424980575,1288.2128997486402
Austin Reaves,13.0,28.8,4.0,7.7,1.3,3.4,3.6,4.1,0.5,2.5,3.4,0.5,1.5,0.3,1.7,18.31770267082842,1282.2391869579894
Grayson Allen,10.4,27.4,3.4,7.7,2.0,5.1,1.6,1.8,0.8,2.4,2.3,0.9,1.0,0.2,1.6,18.2784676985884,1279.492738901188
Precious Achiuwa,9.2,20.7,3.6,7.3,0.5,2.0,1.6,2.3,1.8,4.1,0.9,0.6,1.1,0.5,1.9,18.23323732860253,1276.326613002177
James Wiseman,10.0,19.3,4.2,7.5,0.1,0.4,1.5,2.2,1.6,4.3,0.7,0.2,1.1,0.6,2.4,18.211057408929683,1274.7740186250778
Isaiah Jackson,7.2,16.5,2.8,5.0,0.0,0.2,1.5,2.3,1.8,2.7,0.8,0.5,0.8,1.5,2.4,18.18570058475874,1272.999040933112
Jalen McDaniels,9.4,23.9,3.5,7.7,1.0,2.9,1.5,1.7,0.8,3.5,1.6,1.0,1.2,0.4,2.6,18.175141993271225,1272.2599395289858
Trendon Watford,7.4,19.1,2.9,5.2,0.4,1.0,1.2,1.6,0.7,3.2,2.1,0.5,1.1,0.2,1.9,18.12595949609792,1268.8171647268543
Nick Richards,8.2,18.7,3.0,4.8,0.0,0.0,2.1,2.8,2.3,4.1,0.6,0.2,0.9,1.1,2.4,18.05558132983918,1263.8906930887424
Drew Eubanks,6.6,20.3,2.7,4.3,0.1,0.2,1.1,1.6,1.7,3.7,1.3,0.5,0.9,1.3,2.2,18.02380117312545,1261.6660821187813
Kevon Looney,7.0,23.9,3.0,4.7,0.0,0.0,1.1,1.9,3.3,5.9,2.5,0.6,0.5,0.6,2.7,17.994591613552057,1259.621412948644
Monte Morris,10.3,27.3,4.0,8.3,1.3,3.3,1.0,1.2,0.4,3.0,5.3,0.7,1.0,0.2,1.2,17.89589510507524,1252.7126573552669
Jalen Smith,9.4,18.8,3.6,7.5,0.8,2.8,1.5,2.0,1.9,3.9,1.0,0.3,1.1,0.9,2.3,17.81251770736918,1246.8762395158428
Aaron Nesmith,10.1,24.9,3.5,8.1,1.6,4.3,1.6,1.9,0.8,2.9,1.3,0.8,1.0,0.5,3.2,17.65564741845976,1235.8953192921833
Jose Alvarado,9.0,21.5,3.3,8.0,1.4,4.0,1.1,1.3,0.5,1.9,3.0,1.1,1.3,0.2,2.0,17.649202591647217,1235.4441814153051
Josh Richardson,10.1,23.5,3.7,8.5,1.6,4.5,1.1,1.2,0.6,2.1,2.7,1.1,1.3,0.3,1.8,17.618972030348395,1233.3280421243876
Collin Sexton,14.3,23.9,4.9,9.8,1.0,2.5,3.4,4.1,0.8,1.4,2.9,0.6,1.8,0.1,2.3,17.564511656145456,1229.5158159301818
Moritz Wagner,10.5,19.5,3.5,6.9,0.9,2.9,2.7,3.2,1.2,3.3,1.5,0.6,1.2,0.2,2.4,17.52271978725727,1226.5903851080088
Patrick Williams,10.2,28.3,3.8,8.3,1.4,3.4,1.1,1.3,1.0,3.0,1.2,0.9,1.2,0.9,1.8,17.439963861271586,1220.797470289011
Malaki Branham,10.2,23.5,4.1,9.3,1.2,3.9,0.9,1.1,0.4,2.3,1.9,0.5,1.2,0.1,1.7,17.430709739993098,1220.1496817995169
Rui Hachimura,11.2,23.3,4.5,9.3,0.8,2.5,1.4,1.9,0.8,3.7,0.9,0.3,0.8,0.4,1.1,17.407435696969834,1218.5204987878883
Luke Kennard,9.3,22.3,3.2,6.5,2.3,4.6,0.6,0.7,0.3,2.4,1.5,0.5,0.8,0.1,1.4,17.3122868569366,1211.860079985562
Charles Bassey,5.7,14.5,2.5,3.9,0.1,0.2,0.6,1.1,2.1,3.4,1.3,0.5,1.2,0.9,2.1,17.253962551350405,1207.7773785945283
Ayo Dosunmu,8.6,26.2,3.5,7.1,0.7,2.4,0.8,1.0,0.6,2.2,2.6,0.8,1.2,0.3,2.3,17.09176172767483,1196.423320937238
Josh Green,9.1,25.7,3.4,6.4,1.1,2.8,1.1,1.6,0.9,2.1,1.7,0.7,1.2,0.1,2.6,17.013640078914925,1190.9548055240448
Kevin Love,8.2,20.0,2.7,6.8,1.6,4.8,1.3,1.5,1.0,5.5,1.9,0.3,1.1,0.2,1.6,16.96189010139933,1187.3323070979532
Keita Bates-Diop,9.7,21.7,3.5,6.9,0.8,2.1,1.8,2.2,1.0,2.7,1.5,0.7,0.8,0.3,0.9,16.95889280392615,1187.1224962748306
Lonnie Walker IV,11.7,23.2,4.2,9.4,1.6,4.4,1.6,1.9,0.3,1.7,1.1,0.5,0.8,0.3,1.3,16.825082742041374,1177.7557919428962
Jonathan Kuminga,9.9,20.8,3.9,7.4,0.8,2.2,1.3,2.1,1.0,2.4,1.9,0.6,1.4,0.5,2.3,16.772585354954337,1174.0809748468037
Max Strus,11.5,28.4,4.1,9.9,2.5,7.0,1.0,1.1,0.6,2.6,2.1,0.5,0.9,0.2,2.1,16.75551726418276,1172.8862084927932
George Hill,5.0,18.1,1.7,3.6,0.7,2.1,0.9,1.2,0.3,1.5,2.4,0.6,0.7,0.1,1.2,16.751197539210263,1172.5838277447185
Kenrich Williams,8.0,22.8,3.4,6.5,0.9,2.5,0.3,0.7,1.8,3.1,2.0,0.8,0.6,0.3,2.1,16.725857548311193,1170.8100283817835
Alex Caruso,5.6,23.5,1.9,4.3,0.8,2.3,0.9,1.1,0.6,2.3,2.9,1.5,1.1,0.7,2.4,16.7177223026044,1170.240561182308
Justise Winslow,6.8,26.8,2.8,6.8,0.5,1.6,0.7,1.0,1.7,3.3,3.4,1.0,1.5,0.4,3.1,16.69990650402186,1168.9934552815303
Gary Harris,8.3,24.7,2.9,6.4,2.0,4.5,0.6,0.6,0.4,1.6,1.2,0.9,0.6,0.3,1.9,16.69215711391624,1168.450997974137
Torrey Craig,7.4,24.7,2.9,6.3,1.3,3.2,0.4,0.6,1.8,3.6,1.5,0.6,0.9,0.8,2.3,16.624818721861008,1163.7373105302706
Malik Beasley,12.7,25.8,4.6,11.6,2.9,8.1,0.6,0.8,0.4,3.1,1.5,0.8,1.1,0.1,1.3,16.56168461029885,1159.3179227209196
Cameron Payne,10.3,20.2,3.9,9.4,1.4,3.9,1.0,1.3,0.3,2.0,4.5,0.7,1.7,0.2,1.8,16.556484694439145,1158.9539286107401
Terance Mann,8.8,23.1,3.4,6.5,1.0,2.4,1.1,1.5,1.0,2.5,2.3,0.5,1.0,0.3,1.8,16.555209849595276,1158.8646894716692
Jevon Carter,8.0,22.3,3.0,7.0,1.8,4.2,0.4,0.5,0.4,2.1,2.4,0.8,1.0,0.4,2.0,16.509602094753465,1155.6721466327426
Shake Milton,8.4,20.6,3.2,6.6,0.7,1.9,1.3,1.5,0.5,2.0,3.2,0.3,1.2,0.2,1.6,16.382792006752393,1146.7954404726675
Patrick Beverley,6.2,27.1,2.1,5.4,1.2,3.6,0.7,1.0,0.7,3.0,2.9,0.9,0.9,0.6,2.8,16.36238659459322,1145.3670616215254
Gabe Vincent,9.4,25.9,3.4,8.3,1.7,5.1,1.0,1.1,0.4,1.7,2.5,0.9,1.4,0.1,2.3,16.29386769479033,1140.570738635323
Julian Champagnie,9.7,18.8,3.5,7.6,1.9,4.8,0.8,1.0,0.6,2.9,0.6,0.4,0.6,0.3,1.5,16.119318027191802,1128.352261903426
Dorian Finney-Smith,8.3,30.4,3.0,7.6,1.7,5.1,0.7,0.9,1.7,3.1,1.5,0.8,0.9,0.5,2.2,16.065068449107798,1124.5547914375459
Taurean Prince,9.1,22.1,3.3,7.0,1.4,3.6,1.2,1.4,0.3,2.2,1.6,0.5,1.3,0.3,2.3,16.02598918620462,1121.8192430343233
Pat Connaughton,7.6,23.7,2.7,6.9,1.8,5.3,0.4,0.7,0.8,3.8,1.3,0.6,0.5,0.2,1.1,16.022912569299795,1121.6038798509855
Terrence Ross,8.3,21.1,3.2,7.4,1.5,4.1,0.4,0.5,0.3,2.1,1.5,0.6,0.7,0.2,1.5,15.954659115395112,1116.8261380776578
R.J. Hampton,6.4,16.0,2.2,5.0,0.9,2.5,1.2,1.6,0.4,1.5,1.1,0.6,0.9,0.2,1.1,15.878483078097394,1111.4938154668175
Shaedon Sharpe,9.9,22.2,3.8,8.1,1.3,3.5,0.9,1.3,0.8,2.2,1.2,0.5,1.0,0.3,1.7,15.847381858481171,1109.316730093682
Santi Aldama,9.0,21.8,3.2,6.8,1.2,3.5,1.4,1.9,1.1,3.7,1.3,0.6,0.8,0.6,1.9,15.721153709012508,1100.4807596308756
Jordan Goodwin,6.6,17.8,2.5,5.7,0.6,1.9,0.9,1.1,0.9,2.4,2.7,0.9,0.9,0.4,1.5,15.698395121741957,1098.887658521937
Doug McDermott,10.2,20.5,3.7,8.2,1.9,4.7,0.8,1.1,0.4,1.8,1.4,0.2,0.9,0.1,1.8,15.694994376802,1098.6496063761401
AJ Griffin,8.9,19.5,3.4,7.4,1.4,3.6,0.6,0.7,0.5,1.6,1.0,0.6,0.6,0.2,1.2,15.499317394720759,1084.952217630453
Jock Landale,6.6,14.2,2.6,4.9,0.3,1.2,1.1,1.5,1.7,2.3,1.0,0.2,0.9,0.4,1.8,15.433946325726383,1080.3762428008467
Grant Williams,8.1,25.9,2.7,6.0,1.5,3.7,1.2,1.5,1.1,3.5,1.7,0.5,1.0,0.4,2.4,15.42420826473546,1079.6945785314822
Landry Shamet,8.7,20.2,2.8,7.5,1.9,5.0,1.1,1.3,0.3,1.4,2.3,0.7,0.9,0.1,1.5,15.41052396713005,1078.7366776991034
Marcus Morris,11.2,28.1,4.2,9.9,1.7,4.7,1.0,1.3,0.4,3.5,1.8,0.6,0.9,0.3,2.1,15.409123770250721,1078.6386639175505
Corey Kispert,11.1,28.3,3.9,7.9,2.2,5.2,1.0,1.2,0.4,2.4,1.2,0.4,0.7,0.1,1.3,15.33367147221766,1073.3570030552362
Chris Duarte,7.9,19.5,2.7,7.2,1.2,3.8,1.3,1.6,0.4,2.1,1.4,0.5,0.9,0.2,1.4,15.298122315409262,1070.8685620786484
Xavier Tillman Sr.,7.0,19.3,3.1,5.0,0.1,0.2,0.8,1.5,2.0,3.0,1.6,1.0,0.7,0.5,1.6,15.216903028635915,1065.183212004514
Jordan Nwora,8.7,19.2,3.1,7.2,1.4,3.4,1.1,1.4,0.8,2.9,1.4,0.4,1.1,0.2,1.2,15.18014707085256,1062.610294959679
Georges Niang,8.2,19.4,2.8,6.4,2.0,4.9,0.5,0.6,0.2,2.1,1.0,0.4,0.7,0.2,1.9,15.175797391458309,1062.3058174020816
Zeke Nnaji,5.2,13.7,2.1,3.7,0.3,1.2,0.8,1.2,1.2,1.4,0.3,0.3,0.6,0.4,2.0,15.16690824042848,1061.6835768299936
Aleksej Pokusevski,8.1,20.6,3.2,7.3,1.1,3.1,0.6,1.0,1.3,3.4,1.9,0.6,1.3,1.3,1.7,15.166649207334533,1061.6654445134172
Seth Curry,9.2,19.9,3.4,7.4,1.5,3.8,0.8,0.9,0.2,1.4,1.6,0.6,0.8,0.1,1.6,15.158687218878086,1061.108105321466
Isaac Okoro,6.4,21.7,2.3,4.7,0.8,2.3,1.0,1.4,0.7,1.8,1.1,0.7,0.6,0.4,2.1,15.003578305674665,1050.2504813972266
Brandon Boston Jr.,6.5,11.3,2.3,5.5,0.5,1.3,1.3,1.7,0.3,1.0,0.9,0.4,0.5,0.0,1.0,14.997097605810646,1049.7968324067451
Willy Hernangómez,6.9,12.1,2.3,4.4,0.1,0.3,2.1,2.7,1.5,3.2,0.9,0.4,1.0,0.3,1.7,14.927027954982224,1044.8919568487556
Joe Harris,7.6,20.6,2.7,5.9,1.9,4.5,0.2,0.4,0.3,1.9,1.4,0.5,0.6,0.2,1.9,14.891018831611257,1042.371318212788
Damion Lee,8.2,20.4,2.7,6.1,1.5,3.3,1.3,1.4,0.5,2.5,1.3,0.4,1.1,0.1,1.6,14.885212503369672,1041.9648752358771
Dewayne Dedmon,5.2,11.2,2.0,4.0,0.3,1.0,0.9,1.3,0.9,2.6,0.7,0.2,0.7,0.5,2.0,14.841456218382127,1038.901935286749
Jae'Sean Tate,9.1,21.8,3.5,7.4,0.4,1.5,1.6,2.2,1.3,2.5,2.7,0.7,1.5,0.2,3.4,14.797540585090891,1035.8278409563625
Bismack Biyombo,4.3,14.3,2.0,3.4,0.0,0.0,0.4,1.1,1.5,2.8,0.9,0.3,0.8,1.4,1.9,14.777133389316965,1034.3993372521875
Troy Brown Jr.,7.1,24.5,2.6,6.1,1.4,3.7,0.4,0.5,0.8,3.2,1.3,0.8,0.6,0.2,1.6,14.67359263057392,1027.1514841401743
Goga Bitadze,4.4,12.0,1.8,3.3,0.2,0.7,0.6,1.1,1.6,2.0,1.0,0.4,0.6,0.7,1.7,14.579544235871609,1020.5680965110126
Théo Maledon,6.7,19.4,2.3,5.8,0.6,2.2,1.4,1.7,0.3,2.5,3.5,0.8,1.3,0.3,1.4,14.575506855285662,1020.2854798699963
Anthony Lamb,6.7,19.3,2.4,5.1,1.2,3.2,0.7,1.0,0.9,2.6,1.5,0.5,0.9,0.3,2.2,14.557115385779683,1018.9980770045778
Joe Ingles,6.9,22.7,2.3,5.4,1.8,4.4,0.4,0.5,0.3,2.5,3.3,0.7,1.2,0.1,1.6,14.543936052638111,1018.0755236846678
Ochai Agbaji,7.9,20.5,2.8,6.5,1.4,3.9,0.9,1.2,0.7,1.3,1.1,0.3,0.7,0.3,1.7,14.462765829566944,1012.3936080696861
Aaron Wiggins,6.8,18.5,2.7,5.2,0.7,1.7,0.8,1.0,1.0,2.0,1.1,0.6,0.8,0.2,1.6,14.366057389938808,1005.6240172957166
Jaylin Williams,5.9,18.7,2.1,4.8,0.9,2.3,0.8,1.1,0.9,4.0,1.6,0.6,0.8,0.2,2.3,14.349309102538342,1004.451637177684
Isaiah Joe,9.5,19.1,3.1,7.0,2.2,5.4,1.1,1.4,0.4,2.0,1.2,0.7,0.5,0.1,1.4,14.313962572747695,1001.9773800923386
Bruno Fernando,3.9,10.4,1.5,2.9,0.0,0.1,0.9,1.3,1.4,2.1,0.8,0.2,0.6,0.9,1.9,14.30432608854992,1001.3028261984945
Simone Fontecchio,6.3,14.7,2.2,6.0,1.2,3.7,0.7,0.8,0.6,1.1,0.8,0.3,0.8,0.2,1.2,14.29958343563064,1000.9708404941448
Jaden Hardy,8.8,14.8,3.0,6.9,1.3,3.3,1.4,1.6,0.2,1.6,1.4,0.4,1.0,0.1,1.3,14.298218421408622,1000.8752894986036
Daishen Nix,4.0,16.0,1.4,4.2,0.7,2.5,0.4,0.6,0.3,1.4,2.3,0.5,1.5,0.1,1.0,14.286544845970136,1000.0581392179095
Eugene Omoruyi,7.0,16.1,2.5,5.7,0.6,2.2,1.3,1.9,1.1,1.7,0.7,0.7,0.9,0.1,2.3,14.283463760528022,999.8424632369615
Davion Mitchell,5.6,18.1,2.3,5.0,0.8,2.5,0.3,0.4,0.2,1.1,2.3,0.6,0.8,0.2,1.4,14.192175438147773,993.4522806703441
Trey Lyles,7.6,16.9,2.5,5.5,1.2,3.2,1.4,1.7,0.9,3.1,0.9,0.4,0.9,0.4,1.3,14.183660837395369,992.8562586176758
Cedi Osman,8.7,20.1,3.1,6.9,1.5,4.1,1.0,1.4,0.3,2.0,1.5,0.5,0.7,0.1,1.6,14.152233102065725,990.6563171446007
Jeff Green,7.8,19.5,2.9,5.9,0.5,1.9,1.6,2.1,0.7,1.9,1.2,0.3,0.8,0.3,1.8,14.141662562497677,989.9163793748374
Svi Mykhailiuk,6.9,14.6,2.4,5.4,1.3,3.1,0.8,1.2,0.5,1.2,1.7,0.5,0.8,0.1,0.7,14.071183965747665,984.9828776023365
Jalen Johnson,5.6,14.9,2.3,4.6,0.4,1.5,0.7,1.1,0.7,3.3,1.2,0.5,0.6,0.5,1.6,14.052528172121054,983.6769720484738
Tre Mann,7.7,17.7,2.9,7.5,1.2,3.8,0.6,0.8,0.4,1.9,1.8,0.6,0.9,0.2,1.5,14.021250529136704,981.4875370395694
Reggie Bullock,7.2,30.3,2.5,6.0,1.9,5.1,0.3,0.5,0.4,3.2,1.4,0.7,0.5,0.2,2.1,13.976917335320774,978.3842134724542
Dwight Powell,6.7,19.2,2.6,3.5,0.0,0.1,1.5,2.2,2.0,2.2,0.9,0.6,0.9,0.3,2.8,13.944074829227919,976.0852380459543
Hamidou Diallo,9.3,17.8,3.8,6.7,0.1,0.4,1.6,2.6,1.0,2.4,1.0,0.9,1.3,0.3,2.2,13.853371937683264,969.7360356378284
Ricky Rubio,5.2,17.2,1.8,5.4,0.6,2.5,0.8,1.1,0.3,1.8,3.5,0.8,0.9,0.2,1.5,13.850540432249348,969.5378302574544
Darius Bazley,5.2,14.3,1.9,4.3,0.5,1.2,0.9,1.6,0.8,2.4,0.9,0.5,0.6,0.8,1.0,13.809533179185948,966.6673225430163
Devonte' Graham,7.4,18.3,2.2,5.9,1.6,4.6,1.3,1.8,0.3,1.4,2.7,0.6,0.7,0.2,1.1,13.788549180049591,965.1984426034713
Romeo Langford,6.9,19.6,2.8,6.0,0.4,1.4,0.9,1.3,1.3,1.3,1.2,0.6,0.7,0.3,1.6,13.710319433489804,959.7223603442862
Patty Mills,6.2,14.2,2.2,5.2,1.2,3.4,0.6,0.8,0.2,0.9,1.4,0.4,0.8,0.1,0.8,13.676872654784557,957.381085834919
Cam Thomas,10.6,16.6,3.5,8.0,0.9,2.3,2.6,3.1,0.1,1.5,1.4,0.4,1.1,0.1,1.0,13.651850825055236,955.6295577538665
Maxi Kleber,5.9,25.1,2.1,4.6,1.1,3.0,0.7,1.0,0.8,2.8,1.4,0.3,0.7,0.8,2.3,13.618603560967006,953.3022492676904
Nicolas Batum,6.1,21.9,2.1,4.9,1.6,4.1,0.4,0.6,0.8,3.0,1.6,0.7,0.6,0.6,1.9,13.597535784443469,951.8275049110429
Josh Christopher,5.8,12.3,2.4,5.1,0.3,1.4,0.7,0.9,0.3,0.8,1.1,0.5,0.9,0.2,0.9,13.569359745821561,949.8551822075093
Saben Lee,6.0,14.9,2.0,4.8,0.4,1.2,1.7,2.3,0.5,1.3,2.7,0.8,1.0,0.0,1.3,13.53335209571187,947.3346466998308
Wenyen Gabriel,5.5,15.1,2.3,3.8,0.1,0.5,0.8,1.2,1.7,2.5,0.5,0.4,0.7,0.5,2.1,13.509528132800313,945.6669692960219
Josh Okogie,7.3,18.8,2.3,5.8,0.9,2.7,1.9,2.7,1.5,2.0,1.5,0.8,0.9,0.5,1.6,13.476576033550273,943.3603223485192
Jordan McLaughlin,3.7,15.8,1.4,3.4,0.6,1.8,0.3,0.4,0.3,1.1,3.4,0.7,0.8,0.1,0.7,13.42382410672693,939.6676874708851
David Roddy,6.7,18.0,2.6,6.0,0.9,3.0,0.6,0.9,0.7,2.0,0.8,0.4,0.8,0.3,1.5,13.37113884913075,935.9797194391525
Mo Bamba,6.6,15.7,2.4,4.9,1.0,2.5,0.8,1.3,1.2,3.4,0.9,0.3,0.6,0.9,2.1,13.312563157666398,931.8794210366478
Stanley Johnson,5.8,15.6,2.2,4.1,0.6,1.3,0.9,1.3,0.7,2.4,2.2,0.5,1.1,0.2,1.6,13.305383681952785,931.3768577366949
Lamar Stevens,5.3,18.1,2.1,4.6,0.5,1.5,0.6,0.9,0.8,2.6,0.5,0.4,0.4,0.3,1.3,13.30433683544556,931.3035784811891
Rudy Gay,5.2,14.6,1.9,5.1,0.6,2.3,0.8,0.9,0.6,2.3,1.0,0.3,0.7,0.3,1.2,13.237560602576664,926.6292421803665
TyTy Washington Jr.,4.7,14.0,1.9,5.2,0.6,2.6,0.3,0.6,0.1,1.4,1.5,0.5,0.5,0.1,0.9,13.215537852629552,925.0876496840687
JaMychal Green,6.4,14.0,2.4,4.4,0.7,1.9,0.9,1.2,1.3,2.3,0.9,0.4,0.9,0.4,1.8,13.190357448993012,923.3250214295108
Blake Griffin,4.1,13.9,1.5,3.2,0.6,1.6,0.5,0.8,1.1,2.6,1.5,0.3,0.5,0.2,1.8,13.148553953543015,920.3987767480111
T.J. Warren,7.5,16.4,3.1,6.4,0.5,1.6,0.7,0.8,0.6,2.3,1.0,0.5,0.5,0.3,1.5,13.145480802049251,920.1836561434476
Duncan Robinson,6.4,16.5,2.1,5.6,1.5,4.6,0.7,0.8,0.2,1.5,1.1,0.3,0.7,0.0,1.8,13.036401269317823,912.5480888522476
Day'Ron Sharpe,4.7,11.5,1.9,3.6,0.1,0.2,0.7,1.1,2.1,2.1,0.8,0.3,0.9,0.7,1.9,13.005311893865727,910.3718325706009
Cory Joseph,6.9,19.8,2.4,5.7,1.1,2.9,0.9,1.2,0.3,1.4,3.5,0.5,0.9,0.1,1.4,12.991431505727622,909.4002054009335
P.J. Tucker,3.5,25.6,1.3,3.0,0.7,1.9,0.3,0.3,1.3,2.7,0.8,0.5,0.6,0.2,2.4,12.988256581553475,909.1779607087433
Haywood Highsmith,4.4,17.9,1.7,4.0,0.7,2.0,0.2,0.5,1.1,2.4,0.8,0.7,0.8,0.3,1.5,12.981093919959472,908.676574397163
Dario Šarić,6.4,14.1,2.2,4.9,0.8,2.0,1.1,1.3,0.9,2.7,1.3,0.4,1.0,0.1,1.7,12.910367427148046,903.7257199003632
Jeremiah Robinson-Earl,6.8,18.9,2.6,5.8,0.9,2.6,0.8,1.0,1.7,2.5,1.0,0.6,0.4,0.3,1.7,12.780334683708569,894.6234278595998
Jae Crowder,6.9,18.9,2.5,5.2,1.3,3.1,0.6,0.7,0.9,2.9,1.5,0.7,0.4,0.3,1.5,12.776389265885086,894.347248611956
Oshae Brissett,6.1,16.7,1.9,4.9,0.7,2.4,1.6,2.2,1.0,2.4,0.7,0.5,0.5,0.2,1.2,12.75220509657036,892.6543567599252
Sandro Mamukelashvili,6.1,15.3,2.3,5.3,0.7,2.3,0.9,1.3,1.6,2.7,1.4,0.3,0.8,0.3,1.2,12.742873131246132,892.0011191872292
Kennedy Chandler,2.2,7.8,1.0,2.3,0.1,0.4,0.2,0.4,0.3,0.8,1.6,0.3,0.5,0.1,0.4,12.728967191865408,891.0277034305785
John Konchar,5.1,20.8,1.9,4.4,0.8,2.5,0.4,0.5,0.9,3.4,1.4,1.1,0.5,0.3,1.6,12.70806223077762,889.5643561544333
Chimezie Metu,4.9,10.4,2.0,3.3,0.1,0.6,0.8,1.1,0.7,2.3,0.6,0.3,0.5,0.3,1.2,12.675375886976509,887.2763120883557
Isaiah Hartenstein,5.0,19.8,2.1,4.0,0.1,0.5,0.6,0.9,2.5,4.0,1.2,0.6,0.8,0.8,2.6,12.665139171052624,886.5597419736837
Blake Wesley,5.0,18.1,1.9,5.8,0.5,1.4,0.7,1.2,0.3,1.9,2.7,0.7,1.8,0.1,1.8,12.664948820159179,886.5464174111426
Javonte Green,5.2,15.0,1.9,3.4,0.4,1.1,0.9,1.4,0.8,1.9,0.7,0.8,0.6,0.7,1.6,12.66088984865874,886.2622894061119
Duane Washington Jr.,7.9,12.7,3.0,8.3,1.3,3.6,0.5,0.8,0.1,1.1,2.0,0.2,1.1,0.1,0.7,12.6552897059217,885.870279414519
Bryce McGowens,5.3,17.1,1.7,4.4,0.6,1.7,1.3,1.7,0.4,1.6,1.2,0.3,0.9,0.1,1.0,12.635130861436167,884.4591603005317
Kendrick Nunn,7.1,13.8,2.7,6.4,1.1,3.2,0.5,0.6,0.2,1.3,1.3,0.4,0.9,0.1,0.9,12.631397633923658,884.197834374656
Ziaire Williams,5.7,15.2,2.3,5.3,0.7,2.6,0.5,0.6,0.4,1.7,0.9,0.4,1.0,0.2,1.6,12.627161195763462,883.9012837034423
Kessler Edwards,2.8,10.7,1.0,2.6,0.5,1.5,0.3,0.4,0.6,1.1,0.6,0.4,0.4,0.2,1.1,12.618473686480051,883.2931580536036
JaVale McGee,4.4,8.5,1.9,3.0,0.0,0.1,0.6,1.0,0.7,1.8,0.3,0.1,0.9,0.6,1.3,12.498273637583083,874.8791546308157
Johnny Davis,5.8,15.1,2.4,6.1,0.6,2.5,0.5,1.0,0.3,1.9,1.0,0.4,0.6,0.3,1.7,12.478433286669732,873.4903300668813
Moses Brown,4.3,8.2,1.7,2.7,0.0,0.0,0.9,2.0,1.6,2.3,0.1,0.1,0.4,0.4,1.1,12.437020649473288,870.5914454631302
Nassir Little,6.6,18.1,2.5,5.6,1.1,2.9,0.6,0.9,0.5,2.1,0.9,0.4,0.7,0.4,1.2,12.412636907113704,868.8845834979593
Terry Taylor,2.9,8.5,1.3,2.4,0.2,0.6,0.2,0.4,0.9,0.6,0.3,0.1,0.3,0.2,0.8,12.388616797022781,867.2031757915946
Malachi Flynn,4.6,13.0,1.6,4.6,0.9,2.5,0.5,0.6,0.3,1.2,1.3,0.4,0.5,0.1,1.2,12.386954336717123,867.0868035701986
Furkan Korkmaz,3.8,9.5,1.3,3.0,0.5,1.2,0.7,1.0,0.2,1.0,0.6,0.3,0.6,0.1,0.5,12.384161252358897,866.8912876651228
Robert Covington,6.0,16.2,2.1,4.8,1.1,2.8,0.6,0.8,0.6,2.8,1.2,0.8,0.7,0.7,1.8,12.320982602099756,862.4687821469829
James Bouknight,5.6,15.1,2.0,5.7,1.0,3.2,0.6,0.9,0.2,1.9,1.2,0.4,0.9,0.1,1.4,12.319438155834304,862.3606709084013
Dyson Daniels,3.8,17.7,1.5,3.5,0.5,1.5,0.4,0.7,0.6,2.6,2.3,0.7,1.0,0.2,1.7,12.317625542838357,862.233787998685
Jamal Cain,5.4,13.3,2.1,3.7,0.4,1.1,0.9,1.2,0.8,2.1,0.7,0.6,0.3,0.1,1.2,12.288700614720282,860.2090430304197
Taj Gibson,3.4,9.8,1.3,2.6,0.2,0.5,0.6,0.9,0.7,1.2,0.7,0.3,0.5,0.2,1.7,12.250381398246237,857.5266978772365
Danny Green,5.5,12.5,2.0,4.5,1.5,3.4,0.1,0.1,0.3,1.0,0.5,0.5,0.9,0.3,1.5,12.24867545516898,857.4072818618287
Jonathan Isaac,5.0,11.3,2.0,4.8,0.5,1.4,0.5,0.8,1.4,2.6,0.5,1.3,0.4,0.4,0.5,12.223133186427315,855.619323049912
Serge Ibaka,4.1,11.6,1.6,3.4,0.4,1.1,0.5,0.8,0.9,1.8,0.3,0.1,0.7,0.4,1.4,12.218815261523877,855.3170683066714
Rodney McGruder,5.7,16.4,1.9,4.8,1.3,3.0,0.6,0.7,0.6,1.7,0.9,0.5,0.3,0.0,1.2,12.20785988387015,854.5501918709105
Christian Koloko,3.1,13.8,1.2,2.6,0.0,0.2,0.6,1.0,1.4,1.5,0.5,0.4,0.3,1.0,2.2,12.199304729280234,853.9513310496164
Nickeil Alexander-Walker,6.2,15.0,2.2,5.0,1.0,2.7,0.7,1.0,0.3,1.5,1.8,0.5,0.9,0.4,1.5,12.17944865491728,852.5614058442096
Terence Davis,6.7,13.1,2.4,5.7,1.4,3.8,0.5,0.7,0.3,1.9,1.0,0.7,0.8,0.2,1.6,12.12455662490686,848.7189637434802
Moussa Diabaté,2.7,8.9,1.1,2.1,0.0,0.1,0.5,0.7,1.4,0.9,0.2,0.3,0.4,0.4,0.7,12.112942291898069,847.9059604328648
Yuta Watanabe,5.6,16.0,2.0,4.0,1.0,2.3,0.6,0.8,0.5,1.9,0.8,0.4,0.4,0.3,1.4,12.107345585234684,847.5141909664279
Gary Payton II,4.6,16.7,1.9,3.1,0.6,1.2,0.3,0.3,1.1,2.0,1.4,1.0,0.7,0.2,2.0,12.076739656384838,845.3717759469387
Aaron Holiday,3.9,13.4,1.5,3.5,0.6,1.4,0.4,0.5,0.4,0.8,1.4,0.6,0.6,0.2,1.3,11.96135097201398,837.2945680409786
Goran Dragić,6.3,15.0,2.4,5.8,0.9,2.5,0.5,0.8,0.3,1.1,2.6,0.2,1.1,0.1,1.1,11.961160221914326,837.2812155340029
Moses Moody,4.8,13.0,1.7,3.6,0.8,2.1,0.6,0.8,0.4,1.2,0.8,0.3,0.5,0.1,0.9,11.95108139218014,836.5756974526098
Isaiah Roby,4.1,11.3,1.6,3.7,0.4,1.4,0.5,1.0,0.5,2.0,0.9,0.4,0.7,0.2,1.3,11.93585353839569,835.5097476876983
Lindy Waters III,5.2,13.0,1.7,4.3,1.4,4.0,0.4,0.5,0.4,1.4,0.7,0.3,0.2,0.3,1.0,11.930368822819537,835.1258175973676
Ousmane Dieng,4.9,14.6,1.9,4.6,0.7,2.5,0.4,0.6,0.5,2.2,1.2,0.4,0.7,0.2,1.1,11.877664330294246,831.4365031205972
Dāvis Bertāns,4.6,10.9,1.5,3.6,1.2,3.1,0.3,0.3,0.2,1.0,0.5,0.2,0.2,0.2,1.2,11.871062262605157,830.9743583823611
Jaxson Hayes,5.0,13.0,1.8,3.3,0.1,0.6,1.2,1.8,0.8,2.0,0.7,0.4,0.7,0.4,1.4,11.861517583894853,830.3062308726397
Vlatko Čančar,5.0,14.8,1.8,3.8,0.7,1.9,0.6,0.7,0.4,1.7,1.3,0.4,0.6,0.2,1.4,11.83909860591251,828.7369024138757
Will Barton,6.8,17.7,2.5,6.5,1.2,3.2,0.7,0.8,0.3,2.2,2.0,0.5,0.9,0.2,1.0,11.828806299609607,828.0164409726725
Mike Muscala,6.1,15.0,2.1,4.6,1.3,3.3,0.6,0.8,0.6,2.6,0.8,0.2,0.4,0.4,1.6,11.801471124573107,826.1029787201174
Derrick Jones Jr.,5.0,14.0,1.8,3.6,0.4,1.3,1.0,1.3,0.9,1.5,0.5,0.5,0.4,0.6,1.3,11.801357768266067,826.0950437786247
Ty Jerome,6.9,18.1,2.6,5.4,0.8,2.0,0.8,0.9,0.2,1.6,3.0,0.5,0.7,0.1,1.4,11.795854783927936,825.7098348749555
Kenneth Lofton Jr.,5.0,7.3,2.0,3.9,0.3,0.7,0.7,1.1,0.8,1.3,0.8,0.2,0.5,0.1,1.2,11.778849609597767,824.5194726718437
Nikola Jović,5.5,13.6,1.9,4.6,0.5,2.3,1.2,1.3,0.6,1.5,0.7,0.5,0.7,0.1,1.3,11.645605324629248,815.1923727240473
Cody Zeller,6.5,14.5,2.5,3.9,0.0,0.1,1.6,2.3,1.7,2.6,0.7,0.2,0.9,0.3,2.2,11.641071381411685,814.8749966988179
Juan Toscano-Anderson,3.0,13.5,1.2,2.8,0.2,0.8,0.4,0.5,0.5,1.8,1.3,0.3,0.7,0.2,1.5,11.607346860736032,812.5142802515222
Montrezl Harrell,5.6,11.9,2.2,3.7,0.0,0.1,1.2,1.8,1.2,1.6,0.6,0.3,0.6,0.4,1.3,11.584901399839044,810.943097988733
Dominick Barlow,3.9,14.6,1.6,3.1,0.0,0.1,0.6,0.9,1.6,2.0,0.9,0.4,0.5,0.7,2.0,11.543551948554772,808.048636398834
JT Thor,3.8,14.0,1.4,3.4,0.6,1.8,0.5,0.7,0.5,1.7,0.5,0.3,0.6,0.3,1.0,11.393797949043904,797.5658564330732
Obi Toppin,7.4,15.7,2.8,6.3,1.3,3.7,0.6,0.7,0.4,2.4,1.0,0.3,0.6,0.2,1.0,11.390599569551874,797.3419698686312
Paul Reed,4.2,10.9,1.8,3.0,0.0,0.1,0.6,0.7,1.6,2.2,0.4,0.7,0.7,0.7,1.8,11.196856979015397,783.7799885310778
Chuma Okeke,4.7,19.2,1.6,4.5,1.0,3.2,0.6,0.8,1.0,2.6,1.4,0.7,0.6,0.4,1.5,11.167306988817307,781.7114892172115
Udoka Azubuike,3.5,10.0,1.6,2.0,0.0,0.0,0.2,0.6,0.9,2.4,0.3,0.2,0.5,0.4,0.9,11.121773763459283,778.5241634421498
MarJon Beauchamp,5.1,13.5,1.8,4.7,0.9,2.7,0.5,0.7,0.7,1.5,0.7,0.4,0.9,0.1,1.4,11.098342942598453,776.8840059818917
Sam Hauser,6.4,16.1,2.3,5.0,1.8,4.2,0.2,0.2,0.4,2.1,0.9,0.4,0.4,0.3,1.2,11.052072528580519,773.6450770006363
Gorgui Dieng,3.9,11.5,1.5,3.8,0.7,2.4,0.3,0.4,0.9,2.6,1.7,0.1,1.0,0.5,1.8,11.040365950518192,772.8256165362734
Thaddeus Young,4.4,14.7,2.0,3.7,0.1,0.6,0.3,0.5,1.3,1.8,1.4,1.0,0.8,0.1,1.6,11.003761964657704,770.2633375260393
Justin Holiday,4.5,15.3,1.7,4.4,1.0,3.1,0.1,0.2,0.1,1.1,0.9,0.4,0.5,0.4,1.5,10.98669104900813,769.0683734305691
Usman Garuba,3.0,12.9,1.1,2.4,0.3,0.8,0.4,0.6,1.6,2.5,0.9,0.6,0.6,0.4,1.8,10.980147143910836,768.6103000737585
Andre Drummond,6.0,12.7,2.5,4.1,0.0,0.0,1.0,1.9,2.1,4.6,0.5,0.7,1.1,0.4,1.7,10.971763570686328,768.023449948043
Miles McBride,3.5,11.9,1.2,3.4,0.6,2.1,0.4,0.7,0.2,0.6,1.1,0.6,0.4,0.1,0.9,10.95775737730158,767.0430164111106
Keon Johnson,4.7,10.4,1.7,4.5,0.7,2.0,0.7,1.0,0.3,0.8,1.5,0.5,1.1,0.2,1.1,10.930719181521685,765.1503427065179
Peyton Watson,3.3,8.1,1.3,2.6,0.3,0.6,0.5,0.9,0.3,1.3,0.5,0.1,0.3,0.5,0.6,10.867376246104339,760.7163372273037
DeAndre Jordan,5.1,15.0,2.3,2.9,0.0,0.0,0.6,1.2,1.3,3.8,0.9,0.3,1.2,0.6,1.8,10.84902793013406,759.4319551093841
Isaiah Livers,6.7,23.1,2.3,5.5,1.4,3.9,0.6,0.8,0.5,2.2,0.8,0.5,0.6,0.5,2.0,10.840781500111738,758.8547050078217
Kevin Knox,6.6,15.1,2.4,5.3,1.0,3.0,0.7,1.0,0.5,2.3,0.5,0.4,0.8,0.2,1.5,10.79785792068031,755.8500544476217
Davon Reed,2.1,8.0,0.7,2.0,0.4,1.1,0.4,0.6,0.2,1.1,0.5,0.3,0.5,0.1,0.9,10.76677420629703,753.6741944407921
Christian Braun,4.7,15.5,1.9,3.8,0.4,1.3,0.5,0.8,0.6,1.8,0.8,0.5,0.5,0.2,1.3,10.731013603083984,751.1709522158789
Orlando Robinson,3.7,13.7,1.5,2.9,0.0,0.2,0.7,1.0,1.5,2.5,0.8,0.4,0.5,0.4,1.7,10.728546183991519,750.9982328794063
Evan Fournier,6.1,17.0,2.1,6.1,1.3,4.2,0.7,0.8,0.1,1.7,1.3,0.6,0.8,0.1,1.7,10.665929368140025,746.6150557698018
Luka Garza,6.5,8.7,2.3,4.1,0.5,1.4,1.5,1.9,1.2,1.1,0.6,0.1,0.5,0.1,1.5,10.650220431937825,745.5154302356477
Amir Coffey,3.4,12.5,1.1,2.9,0.2,0.8,1.0,1.3,0.3,0.7,1.1,0.1,0.4,0.1,1.0,10.639742543076379,744.7819780153465
Raul Neto,3.3,10.5,1.2,2.3,0.3,0.9,0.6,0.7,0.2,0.8,1.6,0.4,0.5,0.1,1.0,10.628132920148365,743.9693044103856
Edmond Sumner,7.1,13.9,2.3,5.1,0.6,1.6,1.9,2.0,0.2,1.2,1.3,0.6,0.9,0.2,1.6,10.57341709649282,740.1391967544974
Bryn Forbes,3.6,10.7,1.2,3.3,0.6,1.8,0.6,0.6,0.2,0.4,0.7,0.3,0.5,0.1,0.9,10.541739262055843,737.921748343909
Dean Wade,4.7,20.3,1.7,4.0,1.0,2.9,0.3,0.5,0.5,3.0,0.8,0.6,0.4,0.5,2.0,10.540436222725818,737.8305355908072
Jason Preston,2.9,8.9,1.3,2.9,0.4,1.3,0.0,0.1,0.1,1.4,1.9,0.1,0.7,0.0,0.5,10.535053867628745,737.4537707340122
Juancho Hernangómez,2.9,14.6,1.1,2.7,0.4,1.6,0.2,0.4,0.6,2.3,0.6,0.4,0.4,0.1,1.0,10.458898435619899,732.1228904933929
Markieff Morris,3.8,10.1,1.3,3.3,0.8,2.0,0.3,0.3,0.4,1.7,0.9,0.3,0.5,0.1,1.4,10.392203025805403,727.4542118063782
Ryan Rollins,1.9,5.2,0.6,1.7,0.3,0.8,0.5,0.5,0.3,0.8,0.5,0.1,1.3,0.1,0.8,10.373026401991824,726.1118481394277
Dalano Banton,4.6,9.0,1.8,4.2,0.5,1.6,0.5,0.8,0.4,1.1,1.2,0.4,0.6,0.4,1.1,10.352365952105389,724.6656166473772
Garrison Mathews,4.8,12.7,1.4,3.7,1.2,3.3,0.9,1.0,0.2,1.1,0.5,0.4,0.4,0.1,1.1,10.341832530940241,723.9282771658169
McKinley Wright IV,4.2,12.4,1.7,3.6,0.3,1.0,0.5,0.7,0.3,1.4,2.1,0.3,0.7,0.2,0.9,10.3178739337809,722.251175364663
Matisse Thybulle,4.1,16.9,1.5,3.6,0.8,2.1,0.3,0.4,0.6,1.4,0.7,1.2,0.3,0.5,1.6,10.299838381003443,720.988686670241
Boban Marjanović,3.3,5.5,1.3,1.9,0.0,0.0,0.6,0.9,0.6,1.3,0.3,0.2,0.5,0.1,0.3,10.27872948513733,719.5110639596131
Danuel House Jr.,4.8,14.4,1.7,3.5,0.7,2.0,0.8,1.1,0.2,1.5,0.8,0.3,0.5,0.2,1.2,10.232857786250301,716.300045037521
Jabari Walker,3.9,11.1,1.5,3.5,0.3,1.0,0.6,0.8,0.9,1.5,0.6,0.2,0.5,0.2,1.2,10.21061867480028,714.7433072360196
Dru Smith,2.9,10.5,1.2,3.0,0.3,1.3,0.2,0.2,0.1,1.5,1.5,0.7,0.2,0.3,1.5,10.176242410357728,712.336968725041
Jericho Sims,3.4,15.6,1.6,2.1,0.0,0.0,0.2,0.3,1.9,2.8,0.5,0.3,0.5,0.5,1.8,10.065969814371996,704.6178870060397
Luke Kornet,3.8,11.7,1.6,2.5,0.0,0.2,0.5,0.6,1.2,1.6,0.8,0.2,0.4,0.7,1.2,9.989775139869897,699.2842597908927
Derrick Rose,5.6,12.5,2.3,5.9,0.7,2.3,0.4,0.4,0.3,1.2,1.7,0.3,0.8,0.2,0.7,9.968928684463304,697.8250079124313
Anthony Gill,3.3,10.6,1.2,2.2,0.1,0.5,0.8,1.1,0.6,1.1,0.6,0.1,0.3,0.2,1.2,9.931970818363045,695.2379572854131
Matt Ryan,3.6,9.1,1.2,3.2,0.9,2.5,0.3,0.4,0.1,0.6,0.5,0.1,0.2,0.0,0.8,9.869936003134205,690.8955202193944
Ish Smith,2.5,9.3,1.2,3.0,0.0,0.3,0.0,0.1,0.1,1.1,2.3,0.2,1.0,0.2,0.8,9.850334641021867,689.5234248715307
Jeff Dowtin,2.4,10.4,1.0,2.3,0.2,0.6,0.2,0.4,0.2,0.7,1.2,0.4,0.2,0.1,0.5,9.806353987997417,686.4447791598192
Max Christie,3.1,12.5,1.1,2.6,0.6,1.5,0.3,0.4,0.2,1.7,0.5,0.2,0.3,0.2,0.8,9.713389085086266,679.9372359560386
Kai Jones,3.4,12.0,1.5,2.6,0.1,0.4,0.4,0.6,0.8,1.9,0.3,0.4,0.7,0.7,1.4,9.661361667603677,676.2953167322573
Kevon Harris,4.1,13.4,1.4,3.1,0.5,1.3,0.9,1.2,0.8,1.2,0.5,0.5,0.6,0.1,1.6,9.660560936752079,676.2392655726455
Payton Pritchard,5.6,13.4,2.1,5.1,1.2,3.2,0.3,0.3,0.5,1.3,1.3,0.3,0.8,0.0,0.8,9.653877497852662,675.7714248496864
Tony Bradley,1.6,2.8,0.5,1.0,0.3,0.4,0.3,0.3,0.1,0.8,0.1,0.1,0.1,0.1,0.2,9.646670769067205,675.2669538347044
Admiral Schofield,4.2,12.2,1.5,3.3,0.6,2.0,0.6,0.6,0.6,1.1,0.8,0.2,0.4,0.1,1.6,9.642455206582468,674.9718644607728
Jake LaRavia,3.0,11.8,1.1,2.7,0.7,2.0,0.2,0.3,0.5,1.3,0.6,0.3,0.5,0.1,1.4,9.630874470652765,674.1612129456936
John Butler,2.4,11.6,0.9,2.8,0.4,1.8,0.2,0.2,0.2,0.7,0.6,0.4,0.1,0.5,1.2,9.604368238218946,672.3057766753262
Richaun Holmes,3.1,8.3,1.3,2.1,0.1,0.2,0.4,0.5,0.7,1.2,0.2,0.1,0.3,0.3,1.2,9.594613590791225,671.6229513553857
Frank Ntilikina,2.9,12.9,1.0,2.8,0.4,1.4,0.5,0.7,0.1,1.2,1.2,0.3,0.6,0.1,1.4,9.526712797640007,666.8698958348006
Austin Rivers,4.9,19.5,1.8,4.0,0.8,2.4,0.6,0.8,0.1,1.5,1.4,0.5,0.4,0.1,1.5,9.511931437442312,665.8352006209618
Mamadi Diakite,2.6,8.0,1.1,2.3,0.3,1.0,0.1,0.1,0.4,1.0,0.4,0.2,0.5,0.4,1.2,9.51177258007416,665.8240806051912
Theo Pinson,2.4,8.1,0.8,2.2,0.6,1.6,0.3,0.3,0.3,1.3,1.2,0.2,0.3,0.0,0.9,9.511377585720645,665.7964310004452
Isaiah Mobley,2.4,6.5,0.9,2.2,0.2,0.6,0.3,0.3,0.3,1.2,0.2,0.3,0.1,0.2,0.6,9.49609460752464,664.7266225267248
Ish Wainright,4.2,15.3,1.4,3.8,1.0,2.9,0.4,0.5,0.8,1.6,0.9,0.6,0.4,0.4,2.0,9.467871871155594,662.7510309808916
Jack White,1.2,3.9,0.5,1.1,0.2,0.5,0.1,0.2,0.4,0.6,0.2,0.2,0.1,0.1,0.5,9.458965174890212,662.1275622423149
Thanasis Antetokounmpo,1.4,5.6,0.5,1.2,0.0,0.2,0.3,0.6,0.4,0.8,0.4,0.1,0.3,0.1,0.6,9.359986148796379,655.1990304157465
Keon Ellis,1.5,4.4,0.4,1.0,0.4,0.8,0.3,0.4,0.3,0.3,0.4,0.3,0.1,0.1,0.6,9.339108253060683,653.7375777142478
Trent Forrest,2.3,12.0,1.1,2.6,0.0,0.1,0.1,0.1,0.2,1.4,1.7,0.3,0.7,0.1,0.7,9.31919358342482,652.3435508397374
Johnny Juzang,4.8,12.9,1.9,5.8,0.8,3.5,0.1,0.2,0.4,1.7,0.4,0.2,0.2,0.2,0.7,9.297627989141663,650.8339592399165
Wesley Matthews,3.4,15.8,1.1,3.1,0.8,2.4,0.5,0.5,0.7,1.5,0.7,0.4,0.3,0.3,1.4,9.207144726558159,644.5001308590711
David Duke Jr.,3.7,9.9,1.6,3.4,0.0,0.5,0.5,0.7,0.5,0.8,0.9,0.4,0.8,0.0,1.3,9.082383850580422,635.7668695406295
JD Davison,1.6,5.5,0.7,1.6,0.2,0.6,0.1,0.2,0.2,0.6,0.9,0.2,0.3,0.2,0.4,9.003664306069407,630.2565014248585
Damian Jones,3.5,11.6,1.3,2.1,0.2,0.4,0.5,0.7,1.0,2.0,0.4,0.2,0.6,0.5,1.3,8.892485205071477,622.4739643550034
Jared Rhoden,3.2,14.1,1.2,3.1,0.4,1.4,0.4,0.4,0.8,1.9,0.3,0.3,0.2,0.1,1.6,8.870362051601989,620.9253436121392
A.J. Lawson,3.7,7.2,1.5,2.9,0.7,1.7,0.1,0.5,0.4,1.0,0.1,0.1,0.2,0.0,0.7,8.70062222708574,609.0435558960017
Frank Kaminsky,2.5,6.5,0.9,1.8,0.4,0.9,0.4,0.4,0.2,1.3,0.9,0.2,0.3,0.1,0.6,8.547417314408936,598.3192120086255
James Johnson,2.8,9.0,1.2,2.7,0.2,0.8,0.2,0.4,0.2,1.4,0.8,0.4,0.4,0.3,1.8,8.49867286775774,594.9071007430418
Leandro Bolmaro,0.4,4.9,0.2,1.4,0.0,0.3,0.0,0.0,0.3,0.2,0.5,0.2,0.5,0.1,0.7,8.450258960524534,591.5181272367174
Khem Birch,2.2,8.1,1.0,1.6,0.1,0.1,0.2,0.3,0.4,0.9,0.4,0.3,0.4,0.3,1.2,8.449040917000527,591.4328641900369
Patrick Baldwin Jr.,3.9,7.3,1.4,3.5,1.0,2.7,0.1,0.2,0.0,1.3,0.4,0.2,0.4,0.1,0.5,8.243818017642461,577.0672612349723
Justin Jackson,0.9,4.7,0.3,1.2,0.2,0.9,0.0,0.1,0.1,0.7,0.4,0.2,0.1,0.2,0.3,8.178688447323207,572.5081913126245
Jaden Springer,2.6,5.6,1.1,2.2,0.1,0.3,0.4,0.5,0.4,0.5,0.5,0.4,0.2,0.2,0.9,8.016256621228326,561.1379634859828
Nerlens Noel,2.1,11.5,0.8,2.1,0.1,0.1,0.5,0.7,0.6,2.1,0.6,0.9,0.8,0.6,1.9,7.926090617175139,554.8263432022597
Wendell Moore Jr.,1.4,5.3,0.6,1.5,0.1,0.6,0.1,0.2,0.1,0.5,0.6,0.3,0.3,0.2,0.4,7.912097220969393,553.8468054678575
Robin Lopez,3.0,8.1,1.3,2.0,0.1,0.1,0.4,0.5,0.6,0.8,0.5,0.1,0.7,0.2,1.2,7.882013533049211,551.7409473134447
Dalen Terry,2.2,5.6,0.8,1.9,0.2,0.7,0.4,0.6,0.3,0.7,0.6,0.3,0.2,0.1,0.6,7.826173409926696,547.8321386948687
Vit Krejci,1.2,5.7,0.5,1.3,0.2,0.7,0.0,0.1,0.2,0.7,0.6,0.2,0.2,0.0,0.6,7.814089176891943,546.986242382436
Tyrese Martin,1.3,4.1,0.6,1.4,0.1,0.4,0.1,0.1,0.3,0.4,0.1,0.1,0.1,0.0,0.1,7.777328053002088,544.4129637101462
Caleb Houstan,3.8,15.9,1.3,3.6,0.9,2.7,0.3,0.4,0.7,1.3,0.6,0.2,0.4,0.1,1.2,7.725949806947772,540.816486486344
Garrett Temple,2.0,6.5,0.7,1.8,0.4,1.0,0.1,0.2,0.2,0.5,0.5,0.4,0.2,0.1,0.6,7.622801257307247,533.5960880115073
PJ Dozier,1.4,4.9,0.6,2.1,0.1,1.0,0.0,0.0,0.1,0.8,0.6,0.4,0.3,0.1,0.4,7.619432200660793,533.3602540462555
Nathan Knight,3.7,7.7,1.2,2.1,0.2,0.6,1.0,1.5,0.6,0.9,0.3,0.3,0.6,0.2,1.1,7.560372930383185,529.226105126823
Vernon Carey Jr.,0.5,2.5,0.2,0.7,0.0,0.0,0.2,0.2,0.3,0.7,0.3,0.2,0.2,0.2,0.5,7.559846417820782,529.1892492474548
Matthew Dellavedova,1.5,6.7,0.5,1.6,0.3,0.8,0.1,0.2,0.0,0.4,1.3,0.2,0.3,0.0,0.6,7.550376342942375,528.5263440059663
A.J. Green,4.4,9.9,1.5,3.6,1.3,3.0,0.1,0.1,0.2,1.1,0.6,0.2,0.3,0.0,0.9,7.394187991527778,517.5931594069444
Greg Brown III,1.8,5.8,0.7,1.8,0.1,0.4,0.3,0.8,0.1,1.1,0.2,0.3,0.4,0.3,0.8,7.190689098968275,503.3482369277793
Alex Len,1.7,6.2,0.6,1.2,0.0,0.1,0.4,0.6,0.9,1.4,0.5,0.2,0.6,0.4,1.1,7.098022400387184,496.86156802710286
Ryan Arcidiacono,1.3,8.6,0.5,1.9,0.4,1.2,0.0,0.0,0.0,0.8,1.2,0.3,0.4,0.0,0.9,6.733378188385195,471.33647318696364
Josh Minott,3.1,6.4,1.2,2.4,0.1,0.4,0.5,0.5,0.3,1.3,0.3,0.3,0.2,0.4,0.7,6.719277291121202,470.3494103784841
KZ Okpala,1.3,7.1,0.5,1.1,0.2,0.6,0.2,0.2,0.2,0.8,0.4,0.2,0.2,0.2,1.1,6.566251821043942,459.6376274730759
Noah Vonleh,1.1,7.4,0.5,1.0,0.0,0.2,0.1,0.1,0.8,1.3,0.3,0.1,0.5,0.3,1.5,6.2014787220365575,434.10351054255904
Vince Williams Jr.,2.0,7.0,0.8,2.7,0.3,1.9,0.1,0.1,0.3,0.7,0.3,0.4,0.3,0.1,0.8,5.832133958712177,408.2493771098524
Kira Lewis Jr.,4.6,9.4,1.6,3.5,0.6,1.4,0.8,0.9,0.2,1.1,0.9,0.4,0.4,0.1,1.0,5.700494525492098,399.0346167844468
