Rk;Player;Pos;Age;Tm;G;GS;MP;FG;FGA;FG%;3P;3PA;3P%;2P;2PA;2P%;eFG%;FT;FTA;FT%;ORB;DRB;TRB;AST;STL;BLK;TOV;PF;PTS
1;Bam Adebayo;C;25;MIA;11;11;35;7.5;15;0.497;0;0.2;0;7.5;14.8;0.503;0.497;3.2;3.9;0.814;2.8;6.4;9.2;3.5;1.1;0.6;2.6;3.5;18.1
2;Santi Aldama;PF;22;MEM;6;0;16.8;2.5;5.5;0.455;1.2;2.5;0.467;1.3;3;0.444;0.561;0.3;0.3;1;1.2;3.2;4.3;1.2;0.5;0;0.3;0.8;6.5
3;Nickeil Alexander-Walker;SG;24;MIN;5;4;29.6;3;7;0.429;2;5;0.4;1;2;0.5;0.571;0.4;0.6;0.667;0.2;1.8;2;1.4;0.6;0.2;0.8;1.8;8.4
4;Grayson Allen;SG;27;MIL;5;5;29.8;3.8;8.2;0.463;2.8;5.8;0.483;1;2.4;0.417;0.634;1.2;1.4;0.857;0.2;2.2;2.4;1.8;0.4;0;0.8;1.4;11.6
5;Jarrett Allen;C;24;CLE;5;5;38.2;4.4;7.2;0.611;0;0;0;4.4;7.2;0.611;0.611;0.6;1.2;0.5;3;4.4;7.4;2.4;0.8;1;0.6;2;9.4
6;Kyle Anderson;PF;29;MIN;4;0;26;3.8;7.5;0.5;0.5;1.5;0.333;3.3;6;0.542;0.533;0.5;0.5;1;0.8;3.3;4;4.5;1.8;0.5;1.5;3.3;8.5
7;Giannis Antetokounmpo;PF;28;MIL;3;3;30.3;9.3;17.7;0.528;0;1;0;9.3;16.7;0.56;0.528;4.7;10.3;0.452;2.7;8.3;11;5.3;0.3;0.7;4.7;3;23.3
8;Thanasis Antetokounmpo;SF;30;MIL;2;0;2.5;0;0;0;0;0;0;0;0;0;0;0;0;0;0;0;0;0;0;0;0;0;0
9;Deandre Ayton;C;24;PHO;10;10;31.9;6.1;11.1;0.55;0;0;0;6.1;11.1;0.55;0.55;1.2;2.3;0.522;2.9;6.8;9.7;1;0.6;0.7;1.7;3.5;13.4
10;Patrick Baldwin Jr.;SF;20;GSW;3;0;3.7;0;1;0;0;1;0;0;0;0;0;0;0;0;0;1;1;0.3;0;0;0;0;0
11;Mo Bamba;C;24;LAL;3;0;3.3;0;0.7;0;0;0.3;0;0;0.3;0;0;0;0;0;0;1;1;0.3;0;0.3;0;0;0
12;Desmond Bane;SG;24;MEM;6;6;38.5;8.2;19.3;0.422;2.7;8.3;0.32;5.5;11;0.5;0.491;4.5;4.8;0.931;1.2;4.8;6;3.2;0.5;0;2.8;3.2;23.5
13;Harrison Barnes;PF;30;SAC;7;7;28;3.6;8.6;0.417;0.9;3.6;0.24;2.7;5;0.543;0.467;2.7;3.7;0.731;1.4;2;3.4;0.7;1.1;0.3;0.4;0.7;10.7
14;RJ Barrett;SG;22;NYK;11;11;34.3;6.5;14.9;0.433;1.8;5.5;0.328;4.6;9.4;0.495;0.494;4.5;5.9;0.769;0.5;4;4.5;2.8;0.8;0.2;2.3;2.3;19.3
15;Nicolas Batum;PF;34;LAC;5;3;18.4;1.6;3.8;0.421;1.2;3.4;0.353;0.4;0.4;1;0.579;0;0;0;0.2;2;2.2;1.2;0.4;0.4;0.4;2;4.4
16;Malik Beasley;SG;26;LAL;10;0;9;1;3.3;0.303;0.7;2.5;0.28;0.3;0.8;0.375;0.409;0.6;0.6;1;0.3;0.5;0.8;0.2;0.1;0;0.2;0.6;3.3
17;MarJon Beauchamp;SF;22;MIL;2;0;2.5;1;1.5;0.667;0.5;0.5;1;0.5;1;0.5;0.833;0;0;0;0;0.5;0.5;0;0;0;0;0;2.5
18;Saddiq Bey;SF;23;ATL;6;0;22.2;2.5;6.7;0.375;1.2;3;0.389;1.3;3.7;0.364;0.463;1.3;1.5;0.889;1.2;2.8;4;1;0.5;0;0.3;0.5;7.5
19;Bismack Biyombo;C;30;PHO;8;0;9.8;1.1;2;0.563;0;0;0;1.1;2;0.563;0.563;1.1;2.3;0.5;1.3;2.1;3.4;0.8;0;1.3;0.8;2.3;3.4
20;Bogdan Bogdanovi?;SG;30;ATL;6;1;26.2;5;9;0.556;2.5;5.5;0.455;2.5;3.5;0.714;0.694;0.8;1.2;0.714;0.3;2.7;3;2.5;1;0.8;0.5;2.7;13.3
21;Devin Booker;SG;26;PHO;11;11;41.7;12.8;21.9;0.585;2.8;5.5;0.508;10;16.4;0.611;0.649;5.3;6.1;0.866;1.1;3.7;4.8;7.2;1.7;0.8;2.9;3.4;33.7
22;Brandon Boston Jr.;SG;21;LAC;1;0;1;0;0;0;0;0;0;0;0;0;0;0;0;0;0;0;0;0;0;0;1;0;0
23;Christian Braun;SG;21;DEN;11;0;13.2;1.1;2.2;0.5;0.2;0.5;0.333;0.9;1.6;0.556;0.542;0.5;0.9;0.6;0.6;1.7;2.4;0.5;0.5;0.1;0.6;1.7;2.9
24;Mikal Bridges;SF;26;BRK;4;4;39.3;8.3;19.3;0.429;2.5;6.3;0.4;5.8;13;0.442;0.494;4.5;5.8;0.783;0.5;4.8;5.3;4;0.5;0.5;2;1.3;23.5
25;Malcolm Brogdon;PG;30;BOS;12;0;27.7;5.4;11.9;0.455;2.3;5.3;0.444;3.1;6.7;0.463;0.552;1.8;2.2;0.846;0.8;3.4;4.3;3.8;0.2;0.2;1.2;1.6;15
26;Dillon Brooks;SF;27;MEM;6;6;27.8;4;12.8;0.312;1.7;7;0.238;2.3;5.8;0.4;0.377;0.8;1.2;0.714;0.5;2.5;3;1.8;0.2;0;1.2;3.3;10.5
27;Bruce Brown;SG;26;DEN;11;0;25.9;4.5;8.5;0.532;0.6;2.5;0.259;3.9;6.1;0.642;0.569;2.5;2.8;0.871;0.5;3.3;3.8;2.1;1.3;0.4;1.3;2.6;12.2
28;Jaylen Brown;SF;26;BOS;12;12;37.5;9.7;17.7;0.547;2.5;5.3;0.469;7.2;12.3;0.581;0.618;2.8;4.1;0.673;0.9;4.3;5.3;3.5;0.9;0.3;3.2;3.1;24.6
29;Troy Brown Jr.;SF;23;LAL;11;0;11.3;0.8;2.4;0.346;0.2;1.3;0.143;0.6;1.1;0.583;0.385;0;0;0;0.3;1.8;2.1;1;0.2;0.1;0;0.4;1.8
30;Jalen Brunson;PG;26;NYK;11;11;40.3;9.9;20.9;0.474;2.4;7.3;0.325;7.5;13.6;0.553;0.53;5.6;6.2;0.912;0.8;4.1;4.9;5.6;1.5;0.1;2.1;2.4;27.8
31;Jimmy Butler;SF;33;MIA;10;10;39.1;10.9;20.7;0.527;1.3;3.6;0.361;9.6;17.1;0.561;0.558;8;10.1;0.792;2.1;4.5;6.6;5.4;1.7;0.8;2;1.9;31.1
32;Kentavious Caldwell-Pope;SG;29;DEN;11;11;33.2;3.7;7.8;0.477;1.6;4.2;0.391;2.1;3.6;0.575;0.581;1.5;1.6;0.889;0.6;2.6;3.3;1.6;1.4;0.5;0.6;2.1;10.5
33;Vlatko ?an?ar;PF;25;DEN;4;0;2.5;0;1.3;0;0;1;0;0;0.3;0;0;0;0;0;0;0.8;0.8;0.3;0;0;0;0;0
34;Clint Capela;C;28;ATL;6;6;25.2;3.8;6.3;0.605;0;0;0;3.8;6.3;0.605;0.605;0.7;1;0.667;2.5;5.8;8.3;0.5;1;0.5;0.7;0.8;8.3
35;Jevon Carter;PG;27;MIL;4;0;12.3;0.5;2.3;0.222;0.3;1.8;0.143;0.3;0.5;0.5;0.278;0;0;0;0;1;1;1;0.3;0;0;0.3;1.3
36;Justin Champagnie;SF;21;BOS;1;0;5;0;2;0;0;2;0;0;0;0;0;0;0;0;0;0;0;0;0;0;0;1;0
37;Max Christie;SG;19;LAL;8;0;4;0.6;1.3;0.5;0.1;0.5;0.25;0.5;0.8;0.667;0.55;0.3;0.5;0.5;0;0.8;0.8;0.4;0;0.1;0;0;1.6
38;Nic Claxton;C;23;BRK;4;4;29.3;4.5;6.3;0.72;0;0;0;4.5;6.3;0.72;0.72;1.5;2.5;0.6;1.3;6.8;8;1.5;0.3;1.8;0.8;2;10.5
39;Amir Coffey;SG;25;LAC;1;0;1;0;0;0;0;0;0;0;0;0;0;0;0;0;0;0;0;0;0;0;0;0;0
40;John Collins;PF;25;ATL;6;6;27.3;4.3;10;0.433;1.8;5.3;0.344;2.5;4.7;0.536;0.525;0.8;1;0.833;1.2;3.2;4.3;0.8;0.3;1;1.5;2.2;11.3
41;Mike Conley;PG;35;MIN;5;5;36.6;4;8.4;0.476;2;4.4;0.455;2;4;0.5;0.595;2;2.2;0.909;0.4;2.2;2.6;6.4;0.6;0;1.4;2.2;12
42;Pat Connaughton;SG;30;MIL;4;0;22;4.3;7.5;0.567;2.8;5.8;0.478;1.5;1.8;0.857;0.75;0.8;1;0.75;1;4;5;1.8;1;0.3;0.5;2.5;12
43;Robert Covington;PF;32;LAC;2;0;6;0;1.5;0;0;1;0;0;0.5;0;0;0;0;0;0;1;1;1;0;0.5;0;1;0
44;Torrey Craig;SF;32;PHO;11;5;16.6;2.4;4.1;0.578;1;2.3;0.44;1.4;1.8;0.75;0.7;0.7;0.8;0.889;0.6;1.6;2.3;0.5;0.5;0.2;0.3;2.1;6.5
45;Jae Crowder;SF;32;MIL;4;0;10.3;0.8;3.3;0.231;0;1.5;0;0.8;1.8;0.429;0.231;0.3;0.5;0.5;0.3;0.8;1;0.8;0.5;0;0.3;1.3;1.8
46;Seth Curry;SG;32;BRK;3;0;19.3;3.3;6.3;0.526;1;3;0.333;2.3;3.3;0.7;0.605;0.7;1;0.667;0;1;1;2;0;0;0.3;0.7;8.3
47;Stephen Curry;PG;34;GSW;13;13;37.9;11.2;23.9;0.466;4.4;12.1;0.363;6.8;11.8;0.571;0.558;3.8;4.5;0.845;0.7;4.5;5.2;6.1;1;0.5;3.2;2.6;30.5
48;Anthony Davis;C;29;LAL;12;12;36.9;8.1;15.3;0.53;0.3;0.9;0.273;7.8;14.3;0.547;0.538;4.8;5.7;0.838;2.4;11.7;14.1;2.7;1.4;3.3;2.3;2.7;21.2
49;Terence Davis;SG;25;SAC;4;0;14.5;2;5;0.4;1.5;4.3;0.353;0.5;0.8;0.667;0.55;0.5;0.5;1;0.5;1.8;2.3;1.5;0.3;0;0.5;3;6
50;Dewayne Dedmon;C;33;PHI;1;0;5;0;1;0;0;1;0;0;0;0;0;0;0;0;0;1;1;0;0;0;1;1;0
51;Spencer Dinwiddie;PG;29;BRK;4;4;39.8;5.5;12.8;0.431;1.8;4.5;0.389;3.8;8.3;0.455;0.5;3.8;5.5;0.682;0.3;3;3.3;6.5;1.3;0.3;3;1.8;16.5
52;Donte DiVincenzo;SG;26;GSW;13;1;18.1;1.8;4.9;0.375;1.2;3.4;0.341;0.7;1.5;0.45;0.492;0.6;0.9;0.667;0.8;2.2;3;2.8;0.8;0.2;1.3;1.5;5.5
53;PJ Dozier;SG;26;SAC;3;0;2;1;2;0.5;0.7;1.3;0.5;0.3;0.7;0.5;0.667;0;0;0;0.3;0.3;0.7;0;0;0;0;0;2.7
54;Goran Dragi?;PG;36;MIL;2;0;3.5;0;1;0;0;0.5;0;0;0.5;0;0;2;2;1;0;0;0;0.5;0;0;0;0;2
55;David Duke Jr.;SG;23;BRK;1;0;5;1;3;0.333;0;1;0;1;2;0.5;0.333;0;0;0;0;0;0;0;0;0;1;1;2
56;Kevin Durant;SF;34;PHO;11;11;42.4;9.7;20.4;0.478;1.5;4.6;0.333;8.2;15.7;0.52;0.516;8;8.7;0.917;0.6;8.1;8.7;5.5;0.8;1.4;3.5;2.6;29
57;Anthony Edwards;SG;21;MIN;5;5;39.8;11;22.8;0.482;3;8.6;0.349;8;14.2;0.563;0.548;6.6;7.8;0.846;0.6;4.4;5;5.2;1.8;2;1.6;2.6;31.6
58;Kessler Edwards;SF;22;SAC;6;0;1.2;0;0;0;0;0;0;0;0;0;0;0;0;0;0;0.2;0.2;0;0;0;0;0;0
59;Joel Embiid;C;28;PHI;8;8;37.3;7.6;16.9;0.452;0.6;3;0.208;7;13.9;0.505;0.47;8.9;9.8;0.91;1.9;8.1;10;2.9;0.8;2.9;3.9;3;24.8
60;Dorian Finney-Smith;PF;29;BRK;4;4;25.3;2.3;5.8;0.391;1.8;4.3;0.412;0.5;1.5;0.333;0.543;0;0;0;1.5;3;4.5;0.8;0.8;0.5;1.3;1.8;6.3
61;De'Aaron Fox;PG;25;SAC;7;7;38.6;10;23.6;0.424;3;9;0.333;7;14.6;0.48;0.488;4.4;5.9;0.756;1.7;3.7;5.4;7.7;2.1;0.6;4;3.3;27.4
62;Wenyen Gabriel;PF;25;LAL;10;0;3.7;0.4;1;0.4;0;0;0;0.4;1;0.4;0.4;0.2;0.3;0.667;0.8;0.1;0.9;0;0.2;0.3;0.2;0.8;1
63;Darius Garland;PG;23;CLE;5;5;37.8;7;16;0.438;2.4;6.2;0.387;4.6;9.8;0.469;0.513;4.2;5;0.84;0;1.8;1.8;5;1.6;0.2;3.6;3.4;20.6
64;Rudy Gobert;C;30;MIN;5;5;35.4;5.8;9.2;0.63;0;0;0;5.8;9.2;0.63;0.63;3.4;5.4;0.63;3.6;8.6;12.2;2;0.4;1;1.6;4.8;15
65;Aaron Gordon;PF;27;DEN;11;11;35.1;4.7;10;0.473;0.9;2.4;0.385;3.8;7.6;0.5;0.518;2.7;3.5;0.769;2.7;3.4;6.1;2.1;0.6;0.5;1;3.5;13.1
66;Eric Gordon;SG;34;LAC;5;5;29.8;3.6;8.8;0.409;2;5.8;0.345;1.6;3;0.533;0.523;1;1.2;0.833;0.2;1.2;1.4;2.6;0.6;0.4;0.8;2.4;10.2
67;Danny Green;SG;35;CLE;4;0;10;0.3;1.3;0.2;0.3;1;0.25;0;0.3;0;0.3;0;0;0;0.5;1.3;1.8;0.3;0.5;0.3;0.5;1.8;0.8
68;Draymond Green;PF;32;GSW;12;9;30.6;3.5;7.6;0.462;0.4;1.7;0.25;3.1;5.9;0.521;0.489;2;2.8;0.727;1.6;5.3;6.9;6.8;1.5;1;2.3;4;9.4
69;JaMychal Green;PF;32;GSW;7;2;7;1.3;3.3;0.391;0.7;2.6;0.278;0.6;0.7;0.8;0.5;0;0;0;0;0.7;0.7;0.4;0;0.1;0.3;1.4;3.3
70;Jeff Green;PF;36;DEN;11;0;19.4;1.5;3.9;0.372;0.5;1.9;0.238;1;2;0.5;0.43;0.8;1;0.818;0.4;1.5;1.9;0.9;0.4;0.5;0.5;2.7;4.2
71;Blake Griffin;C;33;BOS;1;0;6;0;1;0;0;0;0;0;1;0;0;0;0;0;1;1;2;0;0;0;0;2;0
72;Quentin Grimes;SG;22;NYK;9;6;26.9;1.6;5.1;0.304;1;4.1;0.243;0.6;1;0.556;0.402;1;1.2;0.818;0.3;2.4;2.8;1.4;1;0.6;1.1;1.9;5.1
73;Rui Hachimura;PF;24;LAL;12;0;21.2;4.1;7.2;0.57;1.3;2.5;0.533;2.8;4.7;0.589;0.663;1.7;2;0.833;0.5;3.1;3.6;0.6;0.5;0.3;0.7;1;11.2
74;James Harden;PG;33;PHI;10;10;38.6;6.9;17.2;0.401;3;7.7;0.39;3.9;9.5;0.411;0.488;4.6;5.3;0.868;0.5;5.7;6.2;8.4;1.8;0.3;3;2.7;21.4
75;Montrezl Harrell;C;29;PHI;2;0;3.5;0;1.5;0;0;0;0;0;1.5;0;0;0;0;0;0;0.5;0.5;0;0;0;0;0;0
76;Joe Harris;SG;31;BRK;4;0;11;0.5;3.3;0.154;0.3;3;0.083;0.3;0.3;1;0.192;0.5;0.5;1;0;1.3;1.3;0;0.5;0;0.8;1.3;1.8
77;Tobias Harris;PF;30;PHI;10;10;35.2;6.3;12.1;0.521;1.4;3.4;0.412;4.9;8.7;0.563;0.579;0.9;1.1;0.818;1.7;5.8;7.5;1.8;0.6;0.6;0.7;2.5;14.9
78;Shaquille Harrison;SG;29;LAL;7;0;3.9;0.6;1;0.571;0.1;0.1;1;0.4;0.9;0.5;0.643;0.1;0.3;0.5;0;0.4;0.4;1.1;0.3;0;0;0.4;1.4
79;Josh Hart;SG;27;NYK;11;5;32.1;4.1;8.5;0.479;0.9;2.9;0.313;3.2;5.6;0.565;0.532;1.3;2;0.636;1.6;5.7;7.4;2.2;0.8;0.3;1.9;3.5;10.4
80;Isaiah Hartenstein;C;24;NYK;11;0;20;1;2.1;0.478;0;0;0;1;2.1;0.478;0.478;1.1;1.5;0.75;2.1;2.5;4.6;1.3;0.8;1.4;0.5;2.6;3.1
81;Udonis Haslem;C;42;MIA;1;0;2;0;2;0;0;1;0;0;1;0;0;0;0;0;0;1;1;0;0;0;0;0;0
82;Sam Hauser;PF;25;BOS;9;0;8.9;0.8;1.9;0.412;0.7;1.8;0.375;0.1;0.1;1;0.588;0;0;0;0.1;0.9;1;0.3;0.1;0.1;0;0.8;2.2
83;Tyler Herro;SG;23;MIA;1;1;19;5;9;0.556;2;4;0.5;3;5;0.6;0.667;0;0;0;0;2;2;2;0;1;1;1;12
84;Haywood Highsmith;SF;26;MIA;9;0;8.2;1.1;2;0.556;0.3;0.8;0.429;0.8;1.2;0.636;0.639;0.2;0.3;0.667;0.8;1.1;1.9;0.3;0.6;0.1;0.1;1.1;2.8
85;Aaron Holiday;PG;26;ATL;1;0;4;0;0;0;0;0;0;0;0;0;0;0;0;0;0;0;0;1;0;0;1;0;0
86;Jrue Holiday;PG;32;MIL;5;5;38.2;6.8;17;0.4;2.4;8.4;0.286;4.4;8.6;0.512;0.471;1.8;2.6;0.692;0.8;5.8;6.6;8;1;0.4;2.4;2.4;17.8
87;Al Horford;C;36;BOS;12;12;31.9;2.5;6.6;0.38;1.5;5;0.3;1;1.6;0.632;0.494;0.2;0.2;1;1.5;5.9;7.4;3.2;1.3;2.1;0.7;2.1;6.7
88;Danuel House Jr.;SF;29;PHI;6;0;6;1.2;2.7;0.438;0.2;1.3;0.125;1;1.3;0.75;0.469;0.2;0.2;1;0;1.7;1.7;0.2;0;0;0.2;0.5;2.7
89;Kevin Huerter;SG;24;SAC;7;7;26.1;3.6;10.3;0.347;1.1;5.6;0.205;2.4;4.7;0.515;0.403;0.9;1.1;0.75;0.1;4.3;4.4;1.1;0.4;1.3;0.6;3.3;9.1
90;De'Andre Hunter;SF;25;ATL;6;6;37.3;6.5;14.2;0.459;2.3;6.3;0.368;4.2;7.8;0.532;0.541;1.3;1.7;0.8;1.2;4.5;5.7;1.2;0.7;0.3;1.5;3.3;16.7
91;Bones Hyland;PG;22;LAC;5;0;16.4;3;8.8;0.341;1;4;0.25;2;4.8;0.417;0.398;1.6;2;0.8;0.2;0.6;0.8;0.8;0.8;0.2;0.8;1.8;8.6
92;Joe Ingles;SF;35;MIL;5;0;17.8;2.4;4.6;0.522;2;4;0.5;0.4;0.6;0.667;0.739;0;0;0;0.2;1;1.2;2;0.6;0.2;1.2;1.4;6.8
93;Jaren Jackson Jr.;C;23;MEM;6;6;36.7;5.8;13.8;0.422;1.2;4.2;0.28;4.7;9.7;0.483;0.464;5.2;6;0.861;3.3;4.5;7.8;1.5;1;2;3;4;18
94;Reggie Jackson;PG;32;DEN;4;0;3.5;0.3;0.3;1;0.3;0.3;1;0;0;0;1.5;0;0;0;0;0.3;0.3;0.3;0.3;0;0.3;0;0.8
95;LeBron James;PF;38;LAL;12;12;37.3;8.8;18;0.491;1.8;6.7;0.263;7.1;11.3;0.625;0.539;4;5.3;0.762;1.7;8.3;10;5.3;0.9;1.3;2.6;1.8;23.4
96;DaQuan Jeffries;SG;25;NYK;2;0;2.5;0;0;0;0;0;0;0;0;0;0;0;0;0;0;0;0;0;0;0;0;1;0
97;Cameron Johnson;PF;26;BRK;4;4;38;7;13.8;0.509;3;7;0.429;4;6.8;0.593;0.618;1.5;1.8;0.857;0.8;5;5.8;2.8;0.8;0.3;1.3;2.5;18.5
98;Jalen Johnson;SF;21;ATL;6;0;9.3;1.7;4;0.417;0.7;1.8;0.364;1;2.2;0.462;0.5;0.3;0.3;1;0.3;2.2;2.5;1.3;0.5;0;0.8;0.8;4.3
99;Nikola Joki?;C;27;DEN;11;11;37.8;11.8;21.5;0.549;1.7;3.6;0.475;10.1;17.9;0.563;0.589;5.4;6.8;0.787;4.2;8.6;12.8;9.7;1.1;0.7;3.5;3.3;30.7
100;Tyus Jones;PG;26;MEM;6;1;20;1.8;6;0.306;0.5;3.2;0.158;1.3;2.8;0.471;0.347;0.3;0.5;0.667;0.5;2.5;3;3.7;1.3;0;1.3;0.8;4.5
101;DeAndre Jordan;C;34;DEN;3;0;3.3;0.7;1;0.667;0;0;0;0.7;1;0.667;0.667;0.3;0.7;0.5;0;1.3;1.3;0.3;0;0;0.7;0.7;1.7
102;Nikola Jovi?;PF;19;MIA;1;0;1;0;0;0;0;0;0;0;0;0;0;0;0;0;0;0;0;0;0;0;0;0;0
103;Luke Kennard;SG;26;MEM;5;0;21.4;2.4;4.6;0.522;1.6;3.2;0.5;0.8;1.4;0.571;0.696;0.8;0.8;1;1;3;4;1.4;0.8;0;0.2;1.6;7.2
104;Nathan Knight;PF;25;MIN;2;0;2.5;0.5;2;0.25;0;1;0;0.5;1;0.5;0.25;0;0;0;0.5;0;0.5;0;0;0;0.5;0;1
105;John Konchar;SG;26;MEM;5;0;9.8;0.4;1.8;0.222;0;0.8;0;0.4;1;0.4;0.222;0;0;0;0.8;1.2;2;0.8;0.4;0.4;0.2;1.2;0.8
106;Furkan Korkmaz;SG;25;PHI;2;0;3.5;0;0.5;0;0;0.5;0;0;0;0;0;1;1;1;0;0;0;0;0;0;0.5;0;1
107;Luke Kornet;C;27;BOS;3;0;3.3;1;1;1;0;0;0;1;1;1;1;0;0;0;0.3;1;1.3;0;0;0;0;0.3;2
108;Jonathan Kuminga;PF;20;GSW;10;0;6.1;1.3;2.4;0.542;0.3;0.7;0.429;1;1.7;0.588;0.604;0.5;0.9;0.556;0.4;0.5;0.9;0.5;0.2;0;0.4;0.5;3.4
109;Anthony Lamb;SF;25;GSW;6;0;5.2;0.3;0.8;0.4;0.2;0.7;0.25;0.2;0.2;1;0.5;0;0;0;0.2;0.8;1;0;0.2;0.2;0.3;0.5;0.8
110;Jock Landale;C;27;PHO;7;1;16.1;2.4;3.9;0.63;0;0.1;0;2.4;3.7;0.654;0.63;1.3;2;0.643;1.4;2.6;4;0.4;0.4;0.4;0.3;2.1;6.1
111;Damion Lee;SG;30;PHO;8;0;11.1;0.8;2.5;0.3;0.4;1.9;0.2;0.4;0.6;0.6;0.375;0.3;0.3;1;0.5;0.9;1.4;0.6;0.3;0;0.1;1;2.1
112;Alex Len;C;29;SAC;7;0;7.7;1;1.3;0.778;0;0;0;1;1.3;0.778;0.778;0.7;0.9;0.833;1;1.9;2.9;0.1;0;0.4;1;2.1;2.7
113;Kawhi Leonard;SF;31;LAC;2;2;40;12;22;0.545;3;5;0.6;9;17;0.529;0.614;7.5;8.5;0.882;1.5;5;6.5;6;2;0.5;3;2.5;34.5
114;Meyers Leonard;C;30;MIL;2;0;2.5;0;0.5;0;0;0;0;0;0.5;0;0;0;0;0;0;0.5;0.5;0;0;0;0;0;0
115;Caris LeVert;SG;28;CLE;5;3;34;5.4;12.6;0.429;2.6;7.2;0.361;2.8;5.4;0.519;0.532;1.6;2.6;0.615;0.8;3.8;4.6;2.6;0.4;0.2;1;2;15
116;Kenneth Lofton Jr.;PF;20;MEM;4;0;3;0.8;2;0.375;0;0.5;0;0.8;1.5;0.5;0.375;0.3;0.5;0.5;0.3;0.5;0.8;0.3;0;0;0;0;1.8
117;Kevon Looney;C;26;GSW;13;8;25;2.8;4.9;0.578;0;0;0;2.8;4.9;0.578;0.578;0.8;1.4;0.556;4.7;8.4;13.1;3.3;0.6;0.4;1;2.8;6.5
118;Brook Lopez;C;34;MIL;5;5;36.4;7.8;13.4;0.582;1.4;3.4;0.412;6.4;10;0.64;0.634;2;2.6;0.769;2.8;3.6;6.4;1.2;1.4;1.8;2.2;2;19
119;Robin Lopez;C;34;CLE;2;0;3;1.5;1.5;1;0;0;0;1.5;1.5;1;1;1;1;1;0.5;0;0.5;0;0;0;0.5;1;4
120;Kevin Love;PF;34;MIA;11;9;20.6;2.4;6.5;0.361;1.8;5.4;0.339;0.5;1.2;0.462;0.5;1.2;1.4;0.867;0.6;5.7;6.4;1.9;0.3;0.5;0.5;2.2;7.7
121;Kyle Lowry;PG;36;MIA;11;0;25.5;3.5;7.8;0.442;1.4;3.8;0.357;2.1;4;0.523;0.529;1.8;2;0.909;0.5;2.5;3;4.5;1.1;0.9;1.5;2.5;10.1
122;Trey Lyles;PF;27;SAC;7;0;16.9;2.4;5.7;0.425;1.3;3.9;0.333;1.1;1.9;0.615;0.538;0.4;0.7;0.6;1.3;4.4;5.7;0.7;0.3;0;0.4;1.7;6.6
123;Terance Mann;SG;26;LAC;5;0;26.6;3.8;6.6;0.576;1.8;3.8;0.474;2;2.8;0.714;0.712;1.2;1.8;0.667;1.4;1.8;3.2;2.2;0.8;0.2;1.8;3.4;10.6
124;Caleb Martin;PF;27;MIA;11;1;27.5;3.7;7.1;0.526;1.5;4;0.386;2.2;3.1;0.706;0.635;1.8;2.3;0.8;1.2;4.1;5.3;1.6;0.8;0.2;1;2.3;10.8
125;Wesley Matthews;SG;36;MIL;2;0;20.5;2;4.5;0.444;2;3.5;0.571;0;1;0;0.667;0;0;0;0.5;1;1.5;0.5;1;0.5;0;1.5;6
126;Tyrese Maxey;SG;22;PHI;10;10;38.1;7.7;18;0.428;3.2;7.9;0.405;4.5;10.1;0.446;0.517;2.3;2.6;0.885;0.9;4.1;5;2.1;1.5;0.5;0.7;2.4;20.9
127;Miles McBride;PG;22;NYK;8;0;2.5;0.1;0.5;0.25;0.1;0.4;0.333;0;0.1;0;0.375;0;0;0;0;0.3;0.3;0.1;0;0.1;0;0.1;0.4
128;Jalen McDaniels;SF;25;PHI;8;0;12.8;1;2.5;0.4;0.4;1.1;0.333;0.6;1.4;0.455;0.475;0;0;0;0.4;1.6;2;0.6;0.1;0;0.4;1;2.4
129;Jordan McLaughlin;PG;26;MIN;2;0;7;0;2;0;0;1;0;0;1;0;0;0;0;0;0;1;1;1;0;0;0;1;0
130;De'Anthony Melton;PG;24;PHI;10;0;24.6;2.8;7.1;0.394;1.8;4.4;0.409;1;2.7;0.37;0.521;0.6;0.8;0.75;1.1;2;3.1;1.7;1.3;0.7;0.7;1.8;8
131;Chimezie Metu;C;25;SAC;3;0;2;0;0.3;0;0;0;0;0;0.3;0;0;0.7;1;0.667;0.3;0;0.3;0;0;0;0.3;0;0.7
132;Khris Middleton;SF;31;MIL;5;5;34.6;8;17.2;0.465;2.6;6.4;0.406;5.4;10.8;0.5;0.541;5.2;6;0.867;1.4;5;6.4;6.2;0.6;0;3.4;3;23.8
133;Patty Mills;PG;34;BRK;1;0;5;0;2;0;0;2;0;0;0;0;0;0;0;0;0;0;0;0;0;0;0;1;0
134;Shake Milton;SG;26;PHI;5;0;3.4;0.6;0.8;0.75;0;0;0;0.6;0.8;0.75;0.75;0.4;0.4;1;0;0.6;0.6;0.4;0.4;0;0.2;0.6;1.6
135;Josh Minott;SF;20;MIN;1;0;6;0;1;0;0;1;0;0;0;0;0;0;0;0;0;0;0;0;2;1;1;1;0
136;Davion Mitchell;PG;24;SAC;7;0;20;2.7;6.6;0.413;1;3.9;0.259;1.7;2.7;0.632;0.489;0.7;0.9;0.833;0.4;0.9;1.3;1.7;0.9;0.1;0.9;1;7.1
137;Donovan Mitchell;SG;26;CLE;5;5;41.4;9;20.8;0.433;2.6;9;0.289;6.4;11.8;0.542;0.495;2.6;3.6;0.722;0.6;4.4;5;7.2;2;0.6;3.8;2.8;23.2
138;Evan Mobley;PF;21;CLE;5;5;37.6;4.4;9.6;0.458;0;0.2;0;4.4;9.4;0.468;0.458;1;1.6;0.625;3;7;10;2;0.6;1.2;2.4;2.6;9.8
139;Malik Monk;SG;24;SAC;7;0;29.3;5.4;13.3;0.409;1.9;5.6;0.333;3.6;7.7;0.463;0.478;6.3;7;0.898;0.9;4.6;5.4;3.6;0.7;0.4;2;2.1;19
140;Moses Moody;SG;20;GSW;12;0;13.4;1.9;3.6;0.535;1.1;1.8;0.591;0.8;1.8;0.476;0.686;0.9;1;0.917;0.6;2;2.6;0.7;0.4;0.3;0.2;1.5;5.8
141;Wendell Moore Jr.;SG;21;MIN;1;0;2;0;0;0;0;0;0;0;0;0;0;0;0;0;0;0;0;0;0;0;1;0;0
142;Ja Morant;PG;23;MEM;5;5;37.4;9;21.2;0.425;2.6;6.2;0.419;6.4;15;0.427;0.486;4;5.2;0.769;1.6;5.2;6.8;7;1.8;0.2;3.4;2.4;24.6
143;Marcus Morris;PF;33;LAC;3;2;22.7;3.3;9.7;0.345;0.7;4;0.167;2.7;5.7;0.471;0.379;1.3;1.3;1;0.3;3.7;4;0;0.3;0.3;0.3;2;8.7
144;Dejounte Murray;SG;26;ATL;5;5;38;9.2;20.6;0.447;2.8;7.4;0.378;6.4;13.2;0.485;0.515;1.8;1.8;1;1.8;5.4;7.2;6.8;2;0.2;2;1.4;23
145;Jamal Murray;PG;25;DEN;11;11;38.5;9.5;20.7;0.461;2.9;7.4;0.395;6.6;13.4;0.497;0.531;3.9;4.3;0.915;0.6;4.5;5.2;6.5;1.3;0.3;2.4;1.9;25.9
146;Keegan Murray;SF;22;SAC;7;7;27.7;3.7;8.3;0.448;1.7;4.6;0.375;2;3.7;0.538;0.552;0.6;0.9;0.667;2.1;4.1;6.3;0.7;0.6;0.3;0.6;2.6;9.7
147;Mike Muscala;C;31;BOS;3;0;3.3;0.3;0.3;1;0.3;0.3;1;0;0;0;1.5;0;0;0;0;0.3;0.3;0.3;0;0;0;0.3;1
148;Raul Neto;PG;30;CLE;2;0;3.5;0;0.5;0;0;0.5;0;0;0;0;0;0.5;1;0.5;0;0;0;0.5;0;0;1;1;0.5
149;Georges Niang;PF;29;PHI;10;0;15.4;1.8;3.5;0.514;1.2;2.5;0.48;0.6;1;0.6;0.686;0;0;0;0;0.4;0.4;0.2;0;0.1;0.5;1.6;4.8
150;Zeke Nnaji;PF;22;DEN;4;0;3;0.5;1;0.5;0.3;0.8;0.333;0.3;0.3;1;0.625;0;0;0;0;0.5;0.5;0;0.3;0;0.3;0;1.3
151;Jaylen Nowell;SG;23;MIN;5;0;12.4;1.2;5.2;0.231;0.6;1.8;0.333;0.6;3.4;0.176;0.288;0.2;0.4;0.5;0.8;0.2;1;0.6;0;0;0.4;0.8;3.2
152;Royce O'Neale;SF;29;BRK;4;0;29.5;1.8;7.3;0.241;1;5.5;0.182;0.8;1.8;0.429;0.31;0.5;0.5;1;1;3.3;4.3;3.5;1.3;0.3;1;2.8;5
153;Josh Okogie;SG;24;PHO;10;5;17.5;1.4;3.7;0.378;0.2;1.4;0.143;1.2;2.3;0.522;0.405;1.1;1.3;0.846;1.2;0.9;2.1;1.3;0.6;0.2;0.3;1.8;4.1
154;Onyeka Okongwu;C;22;ATL;6;0;21.8;2.5;4.2;0.6;0.2;0.2;1;2.3;4;0.583;0.62;0.8;1.7;0.5;3.2;3.2;6.3;1.2;0.3;1.3;1.2;3;6
155;Isaac Okoro;SF;22;CLE;5;2;15;2.2;4.6;0.478;0.8;2.6;0.308;1.4;2;0.7;0.565;1.2;1.2;1;0.6;0.8;1.4;0.8;0.4;0.4;0.8;2;6.4
156;Victor Oladipo;SG;30;MIA;2;0;22.5;5;9.5;0.526;1;2.5;0.4;4;7;0.571;0.579;0.5;1.5;0.333;0.5;3;3.5;1;1;0.5;1;2.5;11.5
157;Cedi Osman;SF;27;CLE;5;0;18.6;1.8;5;0.36;1.2;4;0.3;0.6;1;0.6;0.48;1.2;1.8;0.667;0.2;2.8;3;1;0.4;0.2;1;2.4;6
158;Chris Paul;PG;37;PHO;7;7;35.7;5.4;13;0.418;1.3;4;0.321;4.1;9;0.46;0.467;0.3;0.6;0.5;0.7;4.3;5;7.4;1.7;0.7;1;2.3;12.4
159;Cameron Payne;PG;28;PHO;7;4;21.7;3.3;6.9;0.479;1.6;3.9;0.407;1.7;3;0.571;0.594;0;0.4;0;0;2;2;2.9;0.4;0.3;1.3;2.1;8.1
160;Gary Payton II;PG;30;GSW;12;3;16;3;4.5;0.667;0.3;1.3;0.267;2.7;3.3;0.821;0.704;0.5;0.8;0.667;1.8;1.8;3.7;0.8;0.7;0.5;0.9;1.6;6.8
161;Mason Plumlee;C;32;LAC;5;0;18.2;2.8;3.2;0.875;0;0;0;2.8;3.2;0.875;0.875;2.6;2.8;0.929;3.2;3.6;6.8;1.8;0.4;0.4;0.6;3;8.2
162;Jordan Poole;PG;23;GSW;13;4;21.8;3.5;10.4;0.341;1.2;4.8;0.254;2.3;5.5;0.417;0.4;2;2.6;0.765;0.3;1.8;2.2;3.5;0.8;0.2;1.2;2.5;10.3
163;Michael Porter Jr.;SF;24;DEN;11;11;32.9;5.5;11.5;0.472;2.5;6.4;0.4;2.9;5.2;0.561;0.583;1;1.4;0.733;0.6;6.9;7.5;1.4;0.8;0.5;0.2;2.4;14.5
164;Bobby Portis;PF;27;MIL;5;2;21.4;4;8.2;0.488;1;3.6;0.278;3;4.6;0.652;0.549;0.6;0.6;1;2;6.2;8.2;1.2;0.6;0.4;0.8;3;9.6
165;Norman Powell;SG;29;LAC;5;3;33.4;7.2;15.2;0.474;2.6;6.4;0.406;4.6;8.8;0.523;0.559;4.8;6.2;0.774;0.8;2.2;3;2.2;0.8;0.4;1.6;3.2;21.8
166;Jason Preston;PG;23;LAC;1;0;1;0;0;0;0;0;0;0;0;0;0;0;0;0;0;0;0;0;0;0;0;0;0
167;Taurean Prince;SF;28;MIN;5;1;20;2.4;6.6;0.364;1.6;4.2;0.381;0.8;2.4;0.333;0.485;1.4;1.8;0.778;0.6;0.8;1.4;0.8;0.6;0.2;1;1.8;7.8
168;Payton Pritchard;PG;25;BOS;4;0;5.5;1.5;2;0.75;0.8;0.8;1;0.8;1.3;0.6;0.938;0.3;0.3;1;0;0.8;0.8;1;0.3;0;0.5;0.3;4
169;Immanuel Quickley;PG;23;NYK;8;0;21.9;2.9;8.3;0.348;1.1;4.6;0.243;1.8;3.6;0.483;0.417;2.1;2.5;0.85;0.3;1.4;1.6;1;0.5;0;1.1;1.4;9
170;Julius Randle;PF;28;NYK;10;10;33;5.5;14.7;0.374;1.7;6.6;0.258;3.8;8.1;0.469;0.432;3.9;5.5;0.709;1.7;6.6;8.3;3.6;0.5;0.3;3.5;2.4;16.6
171;Austin Reaves;SG;24;LAL;12;12;35.1;5.2;11.9;0.434;2.1;5.3;0.397;3.1;6.7;0.463;0.521;3;3.5;0.857;1.3;3.5;4.8;4.3;0.7;0.3;1.5;2.1;15.4
172;Paul Reed;C;23;PHI;10;2;14.7;2.2;3.6;0.611;0;0;0;2.2;3.6;0.611;0.611;0.5;0.5;1;2.5;2.9;5.4;0.6;0.6;0.4;0.6;1.5;4.9
173;Austin Rivers;SG;30;MIN;4;0;11.5;1;2;0.5;0.5;1.5;0.333;0.5;0.5;1;0.625;0;0;0;0.3;1;1.3;0.3;0.3;0;0.3;0.3;2.5
174;Duncan Robinson;SF;28;MIA;11;1;17.6;2.7;6.7;0.405;2.4;5.5;0.426;0.4;1.2;0.308;0.581;0.2;0.2;1;0;1.6;1.6;1.2;0.4;0;0.8;1;8
175;Mitchell Robinson;C;24;NYK;11;11;27.1;2.6;4.4;0.604;0;0;0;2.6;4.4;0.604;0.604;1.2;3;0.394;5;4.3;9.3;0.8;0.6;1.5;0.9;2.6;6.5
176;David Roddy;PF;21;MEM;6;0;12.7;1.3;4.8;0.276;1;3.3;0.3;0.3;1.5;0.222;0.379;0.2;0.2;1;0.7;2.2;2.8;0.7;0;0.3;0.2;1;3.8
177;Derrick Rose;PG;34;NYK;1;0;3;0;4;0;0;1;0;0;3;0;0;0;0;0;0;0;0;1;0;0;0;0;0
178;Terrence Ross;SG;31;PHO;6;0;11.5;1.3;4.5;0.296;1;3.7;0.273;0.3;0.8;0.4;0.407;0;0;0;0;1.3;1.3;0.2;0.2;0.3;0.2;1;3.7
179;Ricky Rubio;PG;32;CLE;3;0;5.7;0;0.3;0;0;0;0;0;0.3;0;0;0;0;0;0.7;1.3;2;1;0.3;0;1.7;1.7;0
180;D'Angelo Russell;PG;26;LAL;12;12;31.6;6.1;13.7;0.445;2.1;6;0.347;4;7.7;0.522;0.521;1.4;1.8;0.773;0.8;2.5;3.3;5;0.8;0.3;1.9;2.3;15.7
181;Domantas Sabonis;C;26;SAC;7;7;34.7;7;14.1;0.495;0.1;0.7;0.2;6.9;13.4;0.511;0.5;2.3;4;0.571;4.4;6.6;11;4.7;1.4;0.9;3.7;4;16.4
182;Dennis Schröder;PG;29;LAL;12;1;24.3;2.5;6.1;0.411;0.7;2.2;0.308;1.8;3.9;0.468;0.466;1.8;2.2;0.846;0.2;1.5;1.7;2.9;1;0.3;1.3;2.2;7.5
183;Landry Shamet;SG;25;PHO;10;1;18.4;1.7;4.5;0.378;1.1;2.9;0.379;0.6;1.6;0.375;0.5;0.3;0.4;0.75;0.3;1.4;1.7;1.1;0.2;0.1;0.4;1.5;4.8
184;Day'Ron Sharpe;C;21;BRK;2;0;10;1;1.5;0.667;0;0;0;1;1.5;0.667;0.667;1;1;1;1;2;3;2.5;0;0.5;1;1.5;3
185;Marcus Smart;PG;28;BOS;12;12;33.3;5.8;12.3;0.466;2.3;6.4;0.364;3.4;5.9;0.577;0.561;2.8;3.3;0.825;1.3;2.8;4.2;5.2;1.3;0.3;2.3;1.9;16.6
186;Ish Smith;PG;34;DEN;4;0;3;0.3;0.5;0.5;0;0;0;0.3;0.5;0.5;0.5;0;0;0;0;0.3;0.3;0.3;0;0;0;0.5;0.5
187;Jaden Springer;SG;20;PHI;3;0;4.3;0.7;0.7;1;0;0;0;0.7;0.7;1;1;0.3;0.7;0.5;0;0;0;0;0;0;0.3;0.3;1.7
188;Lamar Stevens;PF;25;CLE;2;0;4.5;0.5;1;0.5;0.5;0.5;1;0;0.5;0;0.75;1;1;1;0;1.5;1.5;0;0;0;0;0;2.5
189;Max Strus;SF;26;MIA;11;11;29.4;3.9;8.3;0.473;2.2;5.9;0.369;1.7;2.4;0.731;0.604;0.9;1.1;0.833;0.6;2.9;3.5;1.1;0.5;0.4;0.5;2.4;10.9
190;Edmond Sumner;SG;27;BRK;1;0;4;0;0;0;0;0;0;0;0;0;0;0;0;0;0;0;0;1;0;0;0;0;0
191;Jayson Tatum;PF;24;BOS;12;12;39.3;9;20.7;0.435;3;8.9;0.336;6;11.8;0.511;0.508;5.3;6;0.875;1.4;9;10.4;5.2;1;1.3;2.5;2;26.3
192;Cam Thomas;SG;21;BRK;2;0;8;1.5;3.5;0.429;0;1;0;1.5;2.5;0.6;0.429;0;0;0;0;0.5;0.5;0.5;0;0;0.5;1;3
193;Klay Thompson;SG;32;GSW;13;13;36;6.5;16.8;0.388;3.8;10.5;0.368;2.7;6.4;0.422;0.502;1.6;1.8;0.875;0.1;4.1;4.2;2.2;0.5;0.3;2;2.2;18.5
194;Tristan Thompson;PF;31;LAL;3;0;7;1;2.3;0.429;0;0;0;1;2.3;0.429;0.429;0.3;1.3;0.25;1;2;3;0.7;0;0;0.3;0.3;2.3
195;Xavier Tillman Sr.;PF;24;MEM;6;6;30.5;4;7.5;0.533;0.2;0.7;0.25;3.8;6.8;0.561;0.544;0.5;0.8;0.6;2.8;5.2;8;3.2;0.7;0.7;0.7;2.8;8.7
196;Obi Toppin;PF;24;NYK;11;1;15.9;2.7;6.4;0.429;1.2;3.9;0.302;1.5;2.5;0.63;0.521;0.4;0.5;0.8;0.9;2.6;3.5;0.6;0.7;0.3;0.7;1.1;7
197;Karl-Anthony Towns;PF;27;MIN;5;5;36;6.4;14;0.457;1.2;4.8;0.25;5.2;9.2;0.565;0.5;4.2;5.6;0.75;1.2;9;10.2;2;0.6;0.8;3.6;4.2;18.2
198;P.J. Tucker;PF;37;PHI;10;10;27.4;1.5;4.4;0.341;1.1;3.4;0.324;0.4;1;0.4;0.466;0.2;0.3;0.667;1.8;3.1;4.9;1.6;1.3;0.2;0.5;2.7;4.3
199;Jarred Vanderbilt;PF;23;LAL;12;11;17.2;1.8;4.5;0.407;0.6;2.3;0.25;1.3;2.2;0.577;0.472;1;1.5;0.667;1.6;2.1;3.7;0.9;0.8;1;1;2.2;5.3
200;Gabe Vincent;PG;26;MIA;11;11;29.4;4.2;11.4;0.368;2.3;6.7;0.338;1.9;4.6;0.412;0.468;0.9;1.1;0.833;0.4;1.1;1.5;4.8;0.9;0;1.8;3.2;11.5
201;Dean Wade;PF;26;CLE;2;0;5.5;0;0.5;0;0;0.5;0;0;0;0;0;1;1;1;0;1.5;1.5;0;0;0;0;0;1
202;Ish Wainright;SF;28;PHO;6;0;3.5;0.2;0.7;0.25;0.2;0.7;0.25;0;0;0;0.375;0;0;0;0;0.2;0.2;0;0;0.2;0;0.3;0.5
203;Lonnie Walker IV;SG;24;LAL;9;0;13.4;2.6;4.9;0.523;1;2.6;0.391;1.6;2.3;0.667;0.625;0.7;0.9;0.75;0;0.9;0.9;0.9;0.6;0.1;0.3;1.1;6.8
204;T.J. Warren;SF;29;PHO;6;0;13.5;1;3.2;0.316;0.2;1.2;0.143;0.8;2;0.417;0.342;0.5;0.7;0.75;0.3;0.8;1.2;0.5;0.2;0.5;0.2;0.8;2.7
205;Yuta Watanabe;SF;28;BRK;1;0;5;1;2;0.5;1;2;0.5;0;0;0;0.75;0;2;0;0;1;1;0;0;0;1;0;3
206;Peyton Watson;SG;20;DEN;4;0;3.3;0.5;1.3;0.4;0.3;0.5;0.5;0.3;0.8;0.333;0.5;0;0;0;0.3;0.8;1;0.3;0;0.3;0.3;0.5;1.3
207;Russell Westbrook;PG;34;LAC;5;5;38.4;8.6;21;0.41;2;5.6;0.357;6.6;15.4;0.429;0.457;4.4;5;0.88;1.8;5.8;7.6;7.4;1.2;1.4;4;3;23.6
208;Derrick White;SG;28;BOS;12;11;30.7;4.9;9.7;0.509;2.2;5.1;0.426;2.8;4.6;0.6;0.621;1.7;1.8;0.952;0.6;2.8;3.4;2.3;0.3;0.8;1;1.7;13.7
209;Andrew Wiggins;SF;27;GSW;13;12;34;6.4;13.9;0.459;1.5;4.9;0.297;4.9;9;0.547;0.511;2.5;3.6;0.681;1.8;3.8;5.6;1.9;0.8;1.2;1.3;3.5;16.7
210;Grant Williams;PF;24;BOS;8;0;14.1;1.3;2.8;0.455;1.1;2.4;0.474;0.1;0.4;0.333;0.659;0.3;0.3;1;0.5;1.1;1.6;1.1;0.4;0.4;0.3;1.4;3.9
211;Robert Williams;C;25;BOS;12;1;21.3;2.9;3.5;0.833;0;0;0;2.9;3.5;0.833;0.833;0.9;1.3;0.733;1.6;4.9;6.5;1.3;0.6;1.4;0.8;2.3;6.8
212;Ziaire Williams;SF;21;MEM;4;0;3;0.5;1.8;0.286;0.3;0.8;0.333;0.3;1;0.25;0.357;0;0;0;0;0.5;0.5;0.5;0;0;0.5;0.3;1.3
213;Trae Young;PG;24;ATL;6;6;38.3;10;24.8;0.403;3;9;0.333;7;15.8;0.442;0.463;6.2;7.2;0.86;0.8;2.8;3.7;10.2;1.7;0.7;4;1.8;29.2
214;Omer Yurtseven;C;24;MIA;2;0;2;0;0;0;0;0;0;0;0;0;0;0;0;0;0;0.5;0.5;0.5;0;0;0.5;0;0
215;Cody Zeller;C;30;MIA;10;0;9.1;1.2;1.8;0.667;0;0;0;1.2;1.8;0.667;0.667;0.2;0.8;0.25;0.3;2.2;2.5;0.6;0.2;0;0.8;1.7;2.6
216;Ivica Zubac;C;25;LAC;5;5;26;3.4;6;0.567;0;0;0;3.4;6;0.567;0.567;2.4;3.2;0.75;3.2;6.4;9.6;0.6;0.6;0.2;2.2;1.6;9.2
